supplier_product_code ,product_name,category,description,Embroidery / print suitab,product_features,product_materials,product_item_size,image_urls,available_colours,available_sizes,qty_1,base_price,qty_2,price_2,qty_3,price_3,is_active,product_URL,product_code_group,categorisation,product_tags
V81,Hi-Vis Day Use Safety Vest,Vests,High Visibility Safety Vest is a very popular high visibility garmen to meet your different requirement of situations. Made from 100% Polyester. Versatile to wear outside of normal clothing. Comes in 2 colours!,"Screen Print,Emboridery,Heat Transfer","Tough and flexible 100% Polyester,Easy to fit with Velcro front closure,Smart navy trims along the edge,Class D, for Day Use Only","100% Polyester,130 gsm","Chest (CM): XS- 53 , S- 56 , M- 59 , L- 62 , XL- 65 , XXL- 68 , 3XL- 71 , 5XL- 77","V81 FLURO YELLOW.jpg,V81 FLURO YELLOW BK.jpg,V81 FLURO ORANGE.jpg,V81 FLURO ORANGE BK.jpg","Fluoro Yellow,Fluoro Orange","XS,S,M,L,XL,2XL,3XL,5XL",1,2.5,100,2.3,300,2.1,,https://bluewhale.com.au/shop/workwear/vest-workwear/v81/,"V82,V83,V84,V85,V86,V87",Clothing,"Hi Vis, Unisex, Mens, Womens, Workwear"
V82,"Hi-Vis D/N Safety Vest, H pattern reflective tape",Vests,"High Visibility Safety Vest is a very popular high visibility garment. 2 parallet pattern of reflective tapes is more suitable for printing. Made from 100% Polyester, 4.5 ounce. Comes in 2 colours!","Screen Print,Emboridery,Heat Transfer","Tough and flexible 100% Polyester,Easy to fit with Velcro front closure,Smart navy trims along the edge,Class D/N, for Day or Night Use","100% Polyester,130 gsm","Chest (CM): XS- 53 , S- 56 , M- 59 , L- 62 , XL- 65 , XXL- 68 , 3XL- 71 , 5XL- 77","V82.jpg,V82 FLURO YELLOW BK.jpg,V82 FLURO ORANGE.jpg,V82 FLURO ORANGE BK.jpg","Fluoro Yellow,Fluoro Orange","XS,S,M,L,XL,2XL,3XL,5XL",1,3.7,100,3.5,300,3.3,,https://bluewhale.com.au/shop/workwear/vest-workwear/v82/,"V81,V83,V84,V85,V86,V87",Clothing,"Hi Vis, Unisex, Mens, Womens, Workwear"
V83,"Hi-Vis D/N Safety Vest, X pattern reflective tape",Vests,"High Visibility Safety Vest is a very popular high visibility garment. Cross back pattern has been reintroduced due to high demand. Made from 100% Polyester, 4.5 ounce. Comes in 2 colours!","Screen Print,Emboridery,Heat Transfer","Tough and flexible 100% Polyester,Easy to fit with Velcro front closure,Smart navy trims along the edge,Class D/N, for Day or Night Use","100% Polyester,130 gsm","Chest (CM): XS- 53 , S- 56 , M- 59 , L- 62 , XL- 65 , XXL- 68 , 3XL- 71 , 5XL- 77","V83.jpg,V83 FLURO YELLOW.jpg,V83 FLURO ORANGE BK.jpg","Fluoro Yellow,Fluoro Orange","XS,S,M,L,XL,2XL,3XL,5XL",1,3.7,100,3.5,300,3.3,,https://bluewhale.com.au/shop/workwear/vest-workwear/v83/,"V82,V81,V84,V85,V86,V87",Clothing,"Hi Vis, Unisex, Mens, Womens, Workwear"
V84,Hi Vis D/N Vest with Zip and Pockets,Vests,"This Day Night vest is designed for workers that require handy pockets to keep pens, notes and small tools with them at work. It’s especially useful for those working in a warehouse as stock pickers.","Screen Print,Emboridery,Heat Transfer",,100% Cooldry Polyester ; 135gsm,"Chest (CM): XS-53 , S- 56 , M- 59 , L- 62 , XL- 65 , XXL- 68 , 3XL- 71 , 5XL- 77","V84 Fluro orange.jpg,V84 Fluoro orange Back.jpg,V84 Yellow 1.jpg","Fluoro Yellow,Fluoro Orange","XS,S,M,L,XL,2XL,3XL,5XL",1,4.6,100,4.3,300,4,,https://bluewhale.com.au/shop/workwear/vest-workwear/v84/,"V82,V83,V81,V85,V86,V87",Clothing,"Hi Vis, Unisex, Mens, Womens, Workwear"
V85,Executive Day Night Vest with ID pocket,Vests,"High Visibility Safety Vest gives an extra convenience and smart looking with ID pocket, phone pocket and zipper clousure. Comply with new Hi Vis Safety Garment Standard.","Screen Print,Emboridery,Heat Transfer","Tough and high quality polyester,Clear ID pocket,Phone and 2 division pen pockets,Class D/N for Day or Night Use","100% Polyester,135 gsm","Chest (CM): XS- 53 , S- 56 , M- 59 , L- 62 , XL- 65 , XXL- 68 , 3XL- 71 , 5XL- 77","V85.jpg,V85 FLUORO YELLOW BK.jpg,V85 FLUORO ORANGE .jpg,V85 FLUORO ORANGE BK.jpg","Fluoro Yellow,Fluoro Orange","XS,S,M,L,XL,2XL,3XL,5XL",1,5.8,100,5.5,300,5.2,,https://bluewhale.com.au/shop/workwear/vest-workwear/v85/,"V82,V83,V84,V81,V86,V87",Clothing,"Hi Vis, Unisex, Mens, Womens, Workwear"
V86,VIC Road Style Day Night Vest with tail,Vests,Hi Vis Day Night Vest is addition in vest series which provide long tail with extra reflective tape and zip front closure. Comply with new Hi Vis Safety Garment Standard.,"Screen Print,Emboridery,Heat Transfer","Tough and high quality polyester,Long tail with extra reflective tape,Zip front closure,Class D/N for Day or Night Use","100% Polyester,135 gsm","Chest (CM): XS- 53 , S- 56 , M- 59 , L- 62 , XL- 65 , XXL- 68 , 3XL- 71 , 5XL- 77","V86 FR.jpg,V86FR BACK.jpg",Fluoro Red,"XS,S,M,L,XL,2XL,3XL,5XL",1,6.2,100,5.9,300,5.6,,https://bluewhale.com.au/shop/workwear/vest-workwear/v86/,"V82,V83,V84,V85,V81,V87",Clothing,"Hi Vis, Unisex, Mens, Womens, Workwear"
V87,Hi Vis D/N Rail Pull Apart Vest,Vests,This Day Night vest is specially designed for people working on or around railways. The vest can be pulled apart in an emergent situation.,"Screen Print,Emboridery,Heat Transfer",,100% Cooldry Polyester ; 135gsm,"Chest (CM): XS-53 , S- 56 , M- 59 , L- 62 , XL- 65 , XXL- 68 , 3XL- 71 , 5XL- 77","V87 Fluoro orange.jpg,V87 Orange Back.jpg,V87 Orange-front panel.jpg,V87 Orange-back panel.jpg",Fluoro Orange,"XS,S,M,L,XL,2XL,3XL,5XL",1,7.9,100,7.4,300,6.9,,https://bluewhale.com.au/shop/workwear/vest-workwear/v87/,"V82,V83,V84,V85,V86,V81",Clothing,"Hi Vis, Unisex, Mens, Womens, Workwear"
P61,"Light weight hi vis cooldry polo, L/S",Polo Shirts,This light weight hi vis polo shirt is made from moisture wicking cooldry fabric that can take moisture away quickly from your boby. It keeps your body dry even in a hot and humid enviroment. With  the UPF rating of 30 that is in a very  good protection category you are well protected from the UV emissions while enjoying the light and comfortable feel of this polo shirt at work.,"Screen Print,Emboridery,Heat Transfer","Genuine breathable yarn treated Cooldry fabric,Light and Comfortable fabric without arm bands,Faster moisture wicking and drying","100% polyester coolfast fabric,140 gsm","Chest (CM): XS- 49 , S- 52 , M- 55 , L- 58 , XL- 61 , XXL- 64 , 3XL- 67 ,4XL-70, 5XL- 73","P61 FON.jpg,P61 YFLUORO YELLOW NAVY BLUE.jpg,P61 YFLUORO YELLOW NAVY BLUE01.jpg","Fluoro Yellow/Navy blue,Fluoro Orange/navy blue","XS,S,M,L,XL,2XL,3XL,4XL,5XL",1,7.9,100,7.4,300,6.9,,https://bluewhale.com.au/shop/workwear/polo-workwear/p61/,P62,Clothing,"Hi Vis, Unisex, Mens, Womens, Workwear, Pocket, Longsleeve, Spf 30+"
P62,"Light weight hi vis cooldry polo, S/S",Polo Shirts,This light weight hi vis polo shirt is made from moisture wicking cooldry fabric that can take moisture away quickly from your boby. It keeps your body dry even in a hot and humid enviroment. With  the UPF rating of 30 that is in a very  good protection category you are well protected from the UV emissions while enjoying the light and comfortable feel of this polo shirt at work.,"Screen Print,Emboridery,Heat Transfer","Genuine breathable yarn treated Cooldry fabric,Light and Comfortable fabric without arm bands,Faster moisture wicking and drying","100% polyester coolfast fabric,140 gsm","Chest (CM): XS- 49 , S- 52 , M- 55 , L- 58 , XL- 61 , XXL- 64 , 3XL- 67 ,4XL-70, 5XL- 73","P62 FYN.jpg,P62 FLUORO ORANGE NAVY BLUE.jpg,P62 FLUORO ORANGE NAVY BLUE01.jpg","Fluoro Yellow/Navy blue,Fluoro Orange/navy blue","XS,S,M,L,XL,2XL,3XL,4XL,5XL",1,6.9,100,6.4,300,5.9,,https://bluewhale.com.au/shop/workwear/polo-workwear/p62/,P61,Clothing,"Hi Vis, Unisex, Mens, Womens, Workwear, Pocket, Spf 30+"
P63,"Hi Vis Cooldry raglan sleeve polo,L/S",Polo Shirts,This hi vis  raglan sleeve  polo shirts is made from moisture wicking cooldry fabric.  The sleeves come  with sleeve long air flow mesh fabric at  the bottom half in contrasting  navy colour  to ensure  maximum airflow  effect. The raglan sleeves with navy colour  piping gives rise  to comfortable body movement.,"Screen Print,Emboridery,Heat Transfer","Genuine breathable yarn treated Cooldry fabric,Stylish design with clever underarm airflow mesh,Faster moisture wicking and drying","100% polyester coolfast fabric,165 gsm","Chest (CM): XS- 49 , S- 52 , M- 55 , L- 58 , XL- 61 , XXL- 64 , 3XL- 67 ,4XL-70, 5XL- 73","P63 FON.jpg,P63 FLUORO YELLOW NAVY BLUE.jpg,P63 FLUORO YELLOW NAVY BLUE.01.jpg","Fluoro Yellow/Navy blue,Fluoro Orange/navy blue","XS,S,M,L,XL,2XL,3XL,4XL,5XL",1,9.9,100,9.4,300,8.9,,https://bluewhale.com.au/shop/workwear/polo-workwear/p63/,P64,Clothing,"Hi Vis, Unisex, Mens, Womens, Workwear, Pocket, Spf 50, Longsleeve"
P64,"Hi Vis Cooldry raglan sleeve polo,S/S",Polo Shirts,This hi vis  raglan sleeve polo shirt is made from moisture wicking  cooldry fabric. The sleeves come with sleeve long air flow  mesh fabric at  the bottom half in contrasting  navy colour  to ensure  maximum airflow effect . The raglan sleeves with navu colour  piping  give rise to comfortable body  movement.,"Screen Print,Emboridery,Heat Transfer","Genuine breathable yarn treated Cooldry fabric,Stylish design with clever underarm airflow mesh,Faster moisture wicking and drying","100% polyester coolfast fabric,165 gsm","Chest (CM): XS- 49 , S- 52 , M- 55 , L- 58 , XL- 61 , XXL- 64 , 3XL- 67 ,4XL-70, 5XL- 73","P64 FYN.jpg,P64 FYN BACK.jpg,P64 FLUORO ORANGE NAVY BLUE.jpg","Fluoro Yellow/Navy blue,Fluoro Orange/navy blue","XS,S,M,L,XL,2XL,3XL,4XL,5XL",1,8.9,100,8.4,300,7.9,,https://bluewhale.com.au/shop/workwear/polo-workwear/p64/,P63,Clothing,"Hi Vis, Unisex, Mens, Womens, Workwear, Pocket, Spf 50"
P65,Hi Vis Sublimation Polo Triangular design,Polo Shirts,These Sublimation Printed Hi Vis polo shirts are summer’s new favourites. Made from light weight and moisture wicking Cooldry fabric it will keep your body dry even in a hot and humid day. Three great sublimation print designs by our inhouse designer ensure you find your favourite work polo. Most importantly the beautifully designed garment complies with the relevant Australian Standards for Hi Vis safety garment.,"Screen Print,Emboridery,Heat Transfer",UPF Rating: 30+. Protection Category: Very Good,100% Cooldry Polyester ; 140gsm,"Chest (CM): XS-49 , S- 52 , M- 55 , L- 58 , XL- 61 , XXL- 64 , 3XL- 67 ,4XL-70 , 5XL- 73","P65 Fluoro Yellow.jpg,P65 Yellow Navy Back.jpg,P65 Orange Navy.jpg","Fluoro Yellow/Navy blue,Fluoro Orange/navy blue","XS,S,M,L,XL,2XL,3XL,4XL,5XL",1,9.3,100,8.8,300,8.3,,https://bluewhale.com.au/shop/workwear/polo-workwear/p65/,"P66,P67,P68",Clothing,"Hi Vis, Unisex, Mens, Womens, Workwear, Pocket, Spf 30+"
P66,Hi Vis Sublimation Polo Astro design,Polo Shirts,These Sublimation Printed Hi Vis polo shirts are summer’s new favourites. Made from light weight and moisture wicking Cooldry fabric it will keep your body dry even in a hot and humid day. Three great sublimation print designs by our inhouse designer ensure you find your favourite work polo. Most importantly the beautifully designed garment complies with the relevant Australian Standards for Hi Vis safety garment.,"Screen Print,Emboridery,Heat Transfer",UPF Rating: 30+. Protection Category: Very Good,100% Cooldry Polyester ; 140gsm,"Chest (CM): XS-49 , S- 52 , M- 55 , L- 58 , XL- 61 , XXL- 64 , 3XL- 67 ,4XL-70 , 5XL- 73","P66 Fluoro Yellow.jpg,P66 Yellow Navy Back.jpg,P66 Orange Navy.jpg","Fluoro Yellow/Navy blue,Fluoro Orange/navy blue","XS,S,M,L,XL,2XL,3XL,4XL,5XL",1,9.3,100,8.8,300,8.3,,https://bluewhale.com.au/shop/workwear/polo-workwear/p66/,"P65,P67,P68",Clothing,"Hi Vis, Unisex, Mens, Womens, Workwear, Pocket, Spf 30+"
P67,Hi Vis Sublimation Polo Wave design,Polo Shirts,These Sublimation Printed Hi Vis polo shirts are summer’s new favourites. Made from light weight and moisture wicking Cooldry fabric it will keep your body dry even in a hot and humid day. Three great sublimation print designs by our inhouse designer ensure you find your favourite work polo. Most importantly the beautifully designed garment complies with the relevant Australian Standards for Hi Vis safety garment.,"Screen Print,Emboridery,Heat Transfer",UPF Rating: 30+. Protection Category: Very Good,100% Cooldry Polyester ; 140gsm,"Chest (CM): XS-49 , S- 52 , M- 55 , L- 58 , XL- 61 , XXL- 64 , 3XL- 67 ,4XL-70 , 5XL- 73","P67 Fluoro orange.jpg,P67 Orange Navy Back.jpg,P67 Yellow Navy.jpg","Fluoro Yellow/Navy blue,Fluoro Orange/navy blue","XS,S,M,L,XL,2XL,3XL,4XL,5XL",1,9.3,100,8.8,300,8.3,,https://bluewhale.com.au/shop/workwear/polo-workwear/p67/,"P66,P65,P68",Clothing,"Hi Vis, Unisex, Mens, Womens, Workwear, Pocket, Spf 30+"
P68,Hi Vis Sublimation Polo Long sleeve,Polo Shirts,Sublimation Printed hi vis polo shirts are summer’s new favourites and Long sleeve is necessary for some work environment. Made from light weight and moisture wicking cooldry fabric this long sleeve polo shirt will keep your body dry and comfortable all day long.,"Screen Print,Emboridery,Heat Transfer",UPF Rating: 30+. Protection Category: Very Good,100% Cooldry Polyester ; 140gsm,"Chest (CM): XS-49 , S- 52 , M- 55 , L- 58 , XL- 61 , XXL- 64 , 3XL- 67 ,4XL-70 , 5XL- 73","P68 Fluoro orange.jpg,P68 Orange Navy Back.jpg,P68 Yellow Navy.jpg","Fluoro Yellow/Navy blue,Fluoro Orange/navy blue","XS,S,M,L,XL,2XL,3XL,4XL,5XL",1,10.9,100,10.4,300,9.9,,https://bluewhale.com.au/shop/workwear/polo-workwear/p68/,"P66,P67,P65",Clothing,"Hi Vis, Unisex, Mens, Womens, Workwear, Pocket, Longsleeve, Spf 30+"
T85,Hi Vis Sublimation T-shirt,T Shirts,The Sublimation Printed hi vis garment are summer’s new favourites and T-shirt is one of the popular choices. Made from light weight and moisture wicking Cooldry fabric this hi vis T-shirt will keep your body dry and comfortable even in a hot and humid day. Enjoy the great sublimation print design by our own in-house designer.,"Screen Print,Emboridery,Heat Transfer",UPF Rating: 30+. Protection Category: Very Good,100% Cooldry Polyester ; 140gsm,"Chest (CM): XS-49 , S- 52 , M- 55 , L- 58 , XL- 61 , XXL- 64 , 3XL- 67 ,4XL-70 , 5XL- 73","T85 Fluoro yellow.jpg,T85 Yellow Navy Back.jpg,T85 Orange Navy.jpg","Fluoro Yellow/Navy blue,Fluoro Orange/navy blue","XS,S,M,L,XL,2XL,3XL,4XL,5XL",1,8.3,100,7.8,300,7.3,,https://bluewhale.com.au/shop/workwear/tshirt-workwear/t85/,S85,Clothing,"Hi Vis, Unisex, Mens, Womens, Workwear, Pocket, Spf 30+"
S85,Hi Vis Sublimation Singlet,Singlets,The Sublimation Printed hi vis garment are summer’s new favourites and the singlet is a must to complete the range. Made from light weight and moisture wicking cooldry fabric this hi vis Singlet will keep your body dry and comfortable even in a hot and humid day. Enjoy the great sublimation print design by our own in-house designer.,"Screen Print,Emboridery,Heat Transfer",UPF Rating: 30+. Protection Category: Very Good,100% Cooldry Polyester ; 140gsm,"Chest (CM): XS-49 , S- 52 , M- 55 , L- 58 , XL- 61 , XXL- 64 , 3XL- 67 ,4XL-70 , 5XL- 73","S85 Fluoro orange.jpg,S85 Fluoro orange  Back.jpg,S85 Yellow Navy.jpg","Fluoro Yellow/Navy blue,Fluoro Orange/navy blue","XS,S,M,L,XL,2XL,3XL,4XL,5XL",1,7.9,100,7.4,300,6.9,,https://bluewhale.com.au/shop/workwear/singlet-workwear/s85/,T85,Clothing,"Hi Vis, Unisex, Mens, Womens, Workwear, Pocket, Spf 30+"
P71,Hi Vis Drop Needle Cott Back Polo Long sleeve,Polo Shirts,"Newest hi vis fabric that complies with AS/NZS 1906.4:2010 which has polyester outer shell and cotton back lining and is knitted by traditional drop needle interlock machine, is the feature of this polo shirt. It’s light and comfortable with cotton inside. It’s extra cool and smart looking with the natural patterns created by the drop needle interlock knitting.","Screen Print,Emboridery,Heat Transfer",,"80% Polyester Shell ,35% Cotton Lining; 160gsm","Chest (CM): XS-49 , S- 52 , M- 55 , L- 58 , XL- 61 , XXL- 64 , 3XL- 67 ,4XL-70 , 5XL- 73","P71 Fluoro yellow.jpg,P71 Yellow-Navy Back.jpg,P71 Orange-Navy.jpg","Fluoro Yellow/Navy blue,Fluoro Orange/navy blue","XS,S,M,L,XL,2XL,3XL,4XL,5XL",1,11,100,10.5,300,10,,https://bluewhale.com.au/shop/workwear/polo-workwear/p71/,P72,Clothing,"Hi Vis, Unisex, Mens, Womens, Workwear, Poly Cotton, Longsleeve"
P72,Hi Vis Drop Needle Cott Back Polo Short sleeve,Polo Shirts,"Newest hi vis fabric that complies with AS/NZS 1906.4:2010 which has polyester outer shell and cotton back lining and is knitted by traditional drop needle interlock machine, is the feature of this polo shirt. It’s light and comfortable with cotton inside. It’s extra cool and smart looking with the natural patterns created by the drop needle interlock knitting.","Screen Print,Emboridery,Heat Transfer",,"80% Polyester Shell ,35% Cotton Lining; 160gsm","Chest (CM): XS-49 , S- 52 , M- 55 , L- 58 , XL- 61 , XXL- 64 , 3XL- 67 ,4XL-70 , 5XL- 73","P72 Fluoro orange.jpg,P72 orange-Navy Back.jpg,P72 Yellow-Navy.jpg","Fluoro Yellow/Navy blue,Fluoro Orange/navy blue","XS,S,M,L,XL,2XL,3XL,4XL,5XL",1,10,100,9.5,300,9,,https://bluewhale.com.au/shop/workwear/polo-workwear/p72/,P71,Clothing,"Hi Vis, Unisex, Mens, Womens, Workwear, Poly Cotton"
P81,"Hi Vis Cooldry Polo, Long Sleeves",Polo Shirts,"This polo shirt complies 100% with the Australian Standard for safety garments, and features breathable cooldry micro fibre, faster moisture wicking and drying, single pocket with button down flap, and has a UPF Rating of 50+ which is in the Protection Category ""Excellent"". Comes in 3 colours!","Screen Print,Emboridery,Heat Transfer","Genuine breathable yarn treated cooldry fabric,Faster moisture wicking and drying,Single pocket with button down flap,Class D, for Day Use Only,UPF Rating: 50+. Protection Category: Excellent",100% Polyester Cooldry Fabric; 165gsm,"Chest (CM): XS- 49 , S- 52 , M- 55 , L- 58 , XL- 61 , XXL- 64 , 3XL- 67 , 4XL- 70 , 5XL- 73","P81.jpg,P81 FLUORO ORANGE NAVY BLUE.jpg","Fluoro Orange/Navy,Fluoro Yellow/Navy,Fluoro Yello/Bottle Green","XS,S,M,L,XL,2XL,3XL,4XL,5XL",1,9.8,100,9.3,300,8.8,,https://bluewhale.com.au/shop/workwear/polo-workwear/p81/,"P82,P84,P85",Clothing,"Hi Vis, Unisex, Mens, Womens, Workwear, Spf 50, Pocket, Microfibre, Longsleeve"
P82,"Hi Vis Cooldry Polo, Short Sleeves",Polo Shirts,"This polo shirt complies 100% with the Australian Standard for safety garments, and features breathable cooldry micro fibre, faster moisture wicking and drying, single pocket with button down flap, and has a UPF Rating of 50+ which is in the Protection Category ""Excellent"". Comes in 3 colours!","Screen Print,Emboridery,Heat Transfer","Genuine breathable yarn treated cooldry fabric,Faster moisture wicking and drying,Single pocket with button down flap,Class D, for Day Use Only,UPF Rating: 50+. Protection Category: Excellent",100% Polyester Cooldry Fabric; 165gsm,"Chest (CM): XS- 49 , S- 52 , M- 55 , L- 58 , XL- 61 , XXL- 64 , 3XL- 67 , 4XL- 70 , 5XL- 73","P82 Model.jpg,P82 FYBT.jpg,P82 FLUORO ORANGE NAVY BLUE.jpg","Fluoro Orange/Navy,Fluoro Yellow/Navy,Fluoro Yello/Bottle Green","XS,S,M,L,XL,2XL,3XL,4XL,5XL",1,8.8,100,8.3,300,7.8,,https://bluewhale.com.au/shop/workwear/polo-workwear/p82/,"P81,P84,P85",Clothing,"Hi Vis, Unisex, Mens, Womens, Workwear, Spf 50, Microfibre, Pocket"
P91,"Day/night Hi Vis Cooldry Polo, Long Sleeve",Polo Shirts,The new reflective tape position is designed to comply with the new Australian High Visibility Safety Garment Standard. Made from genuine breathable yarn treated Cooldry fabric enhance performance with faster moisture wicking and drying. Single large pocket with button are designed to secure your stuff.,"Screen Print,Emboridery,Heat Transfer","Genuine breathable yarn treated cooldry fabric,Faster moisture wicking and drying,Single pocket with button down flap,Class D/N, for Day or Night Use,UPF Rating: 50+. Protection Category: Excellent","100% polyester cooldry fabric,165 gsm","Chest (CM): XS- 49 , S- 52 , M- 55 , L- 58 , XL- 61 , XXL- 64 , 3XL- 67 , 5XL- 73","P91 FLUORO YELLOW NAVY BLUE.jpg,P91 FLUORO ORANGE NAVY BLUE.jpg","Fluoro Yellow/Navy blue,Fluoro Orange/navy blue","XS,S,M,L,XL,2XL,3XL,5XL",1,11.8,100,11.3,300,10.8,,https://bluewhale.com.au/shop/workwear/polo-workwear/p91/,"P92,P74,P75",Clothing,"Hi Vis, Unisex, Mens, Womens, Workwear, Pocket, Spf 50, Longsleeve"
P92,"Day/night Hi Vis Cooldry Polo, Short Sleeve",Polo Shirts,The new reflective tape position is designed to comply with the new Australian High Visibility Safety Garment Standard. Made from genuine breathable yarn treated Cooldry fabric enhance performance with faster moisture wicking and drying. Single large pocket with button are designed to secure your stuff.,"Screen Print,Emboridery,Heat Transfer","Genuine breathable yarn treated cooldry fabric,Faster moisture wicking and drying,Single pocket with button down flap,Class D/N, for Day or Night Use,UPF Rating: 50+. Protection Category: Excellent","100% polyester cooldry fabric,165 gsm","Chest (CM): XS- 49 , S- 52 , M- 55 , L- 58 , XL- 61 , XXL- 64 , 3XL- 67 , 5XL- 73","P92 FYN.jpg,P92 FON.jpg","Fluoro Yellow/Navy blue,Fluoro Orange/navy blue","XS,S,M,L,XL,2XL,3XL,5XL",1,10.8,100,10.3,300,9.8,,https://bluewhale.com.au/shop/workwear/polo-workwear/p92/,"P91,P74,P75",Clothing,"Hi Vis, Unisex, Mens, Womens, Workwear, Pocket, Spf 50"
P86,"Hi Vis Cooldry Side Panel Polo, Long Sleeve",Polo Shirts,Fitted with fashionable and contemporary panels and lines this polo shirt has mixed fashion and work wear so well. It is made from genuine yarn treated moisture wicking Cooldry fabric which can keep long lasting moisture wicking function wash after wash. This polo shirt will not only make you look great but also keep you cool and dry all day long and all year long.,"Screen Print,Emboridery,Heat Transfer","Genuine breathable yarn treated cooldry fabric,Faster moisture wicking and drying,Single pocket with button to secure your stuff,Class D, for Day Use Only,UPF Rating: 50+. Protection Category: Excellent","100% polyester cooldry fabric,165 gsm","Chest (CM): XS- 49 , S- 52 , M- 55 , L- 58 , XL- 61 , XXL- 64 , 3XL- 67 , 5XL- 73","P86 FON.jpg,P86 FLUORO ORANGE NAVY BLUE BK.jpg,P86 FLUORO YELLOW NAVY BLUE.jpg,P86 FLUORO YELLOW NAVY BLUE BK.jpg","Fluoro Yellow/Navy blue,Fluoro Orange/navy blue","XS,S,M,L,XL,2XL,3XL,5XL",1,10.5,100,10,300,9.5,,https://bluewhale.com.au/shop/workwear/polo-workwear/p86/,"P87,P88,P89,P45K",Clothing,"Hi Vis, Unisex, Mens, Womens, Workwear, Pocket, Spf 50, Longsleeve"
P87,"Hi Vis Cooldry Side Panel Polo, Short Sleeve",Polo Shirts,Fitted with fashionable and contemporary panels and lines this polo shirt has mixed fashion and work wear so well. It is made from genuine yarn treated moisture wicking Cooldry fabric which can keep long lasting moisture wicking function wash after wash. This polo shirt will not only make you look great but also keep you cool and dry all day long and all year long.,"Screen Print,Emboridery,Heat Transfer","Genuine breathable yarn treated cooldry fabric,Faster moisture wicking and drying,Single pocket with button to secure your stuff,Class D, for Day Use Only,UPF Rating: 50+. Protection Category: Excellent","100% polyester cooldry fabric,165 gsm","Chest (CM): XS- 49 , S- 52 , M- 55 , L- 58 , XL- 61 , XXL- 64 , 3XL- 67 , 5XL- 73","P87 FYN.jpg,P87 FLUORO YELLOW NAVY BLUE BK.jpg,P87 FLUORO ORANGE NAVY BLUE .jpg,P87 FLUORO ORANGE NAVY BLUE BK.jpg","Fluoro Yellow/Navy blue,Fluoro Orange/navy blue","XS,S,M,L,XL,2XL,3XL,5XL",1,9.5,100,9,300,8.5,,https://bluewhale.com.au/shop/workwear/polo-workwear/p87/,"P86,P88,P89,P45K",Clothing,"Hi Vis, Unisex, Mens, Womens, Workwear, Pocket, Spf 50"
P88,Mens Hi Vis Coolfast Mini Waffle Polo,Polo Shirts,"This Mini-Wafle knit Hi Vis polo shirt is made from 100 % genuine yarn treated moisture management fabric from Coolfast, a leading hi-tech sports textile brand in the world whose major clients include Nike and Adidas. The sporty design, the softness of fabric and the modern fit will all bring you extra comfort and confidence when you are at work.","Screen Print,Emboridery,Heat Transfer","Class D,for Day Use Only","100% polyester coolfast fabric,160 gsm","Chest (CM): XS- 49.5 , S- 52 , M- 55 , L- 58 , XL- 61 , XXL- 64 , 3XL- 67 , 5XL- 73","P88 FYN.jpg,P88 FLUORO YELLOW NAVY BLUE BK.jpg,P88 FLUORO ORANGE NAVY BLUE..jpg,P88 FLUORO ORANGE  NAVY BLUE BK.jpg","Fluoro Yellow/Navy blue,Fluoro Orange/navy blue","XS,S,M,L,XL,2XL,3XL,5XL",1,10.5,100,10,300,9.5,,https://bluewhale.com.au/shop/workwear/polo-workwear/p88/,"P86,P87,P89,P45K",Clothing,"Hi Vis, Unisex, Mens, Womens, Workwear, Pocket, Longsleeve"
P88K,"Coolfast Mini-Waffle Polo, Children",Polo Shirts,"This Mini-Wafle knit Hi Vis polo shirt is made from 100 % genuine yarn treated moisture management fabric from Coolfast, a leading hi-tech sports textile brand in the world whose major clients include Nike and Adidas. The sporty design, the softness of fabric and the modern fit will all bring you extra comfort and confidence when you are at work.","Screen Print,Emboridery,Heat Transfer","Class D,for Day Use Only","100% polyester coolfast fabric,160 gsm","Chest (CM): #6- 37.5 , #8- 40 , #10- 42.5 , #12- 45 , #14- 47.5",,"Fluoro Yellow/Navy blue,Fluoro Orange/navy blue","6,8,10,12,14",1,9.5,100,9,300,8.5,,,"P86,P87,P89,P45K",Clothing,"Hi Vis, Unisex, Mens, Womens, Workwear, Pocket, Longsleeve"
P89,"Ladies Hi Vis Coolfast Mini Waffle Polo, Lady",Polo Shirts,"This Mini-Wafle knit Hi Vis polo shirt is made from 100 % genuine yarn treated moisture management fabric from Coolfast, a leading hi-tech sports textile brand in the world whose major clients include Nike and Adidas. The sporty design, the softness of fabric and the modern fit will all bring you extra comfort and confidence when you are at work.","Screen Print,Emboridery,Heat Transfer","Class D,for Day Use Only","100% polyester coolfast fabric,160 gsm","Chest (CM): #8- 46.5 , #10- 49 , #12- 51.5 , #14- 54 , #16- 56.5 , #18- 59","P89 FON.jpg,P89 FON BACK.jpg,P89 FLUORO YELLOW NAVY BLUE.jpg,P89 FLUORO YELLOW NAVY BLUE BK","Fluoro Yellow/Navy blue,Fluoro Orange/navy blue","8,10,12,14,16,18",1,10,100,9.5,300,9,,https://bluewhale.com.au/shop/workwear/polo-workwear/p89/,"P86,P87,P88,P45K",Clothing,"Hi Vis, Unisex, Mens, Womens, Workwear, Pocket"
T81,Hi Vis Cooldry T-shirt,T Shirts,High Visibility T-shirt is made from premium moisture wicking fabric which is so soft and smooth that you will feel comfortable and cool in hot and steamy weather. Comes in 2 colours!,"Screen Print,Emboridery,Heat Transfer","Genuine breathable yarn treated cooldry fabric,Faster moisture wicking and drying,Underarm air flow mesh vents,Single pocket with pencil partition,Class D, for Day Use Only,UPF Rating: 50+. Protection Category: Excellent",100% Polyester Coolfast Fabric; 165gsm,"Chest (CM): XS- 49 , S- 52 , M- 55 , L- 58 , XL- 61 , XXL- 64 , 3XL- 67 , 4XL- 70 , 5XL- 73","T81 FON.jpg,T81 FLUORO YELLOW NAVY BLUE.jpg","Fluoro Yellow,Fluoro Orange","XS,S,M,L,XL,2XL,3XL,4XL,5XL",1,7,100,6.5,300,6,,https://bluewhale.com.au/shop/workwear/tshirt-workwear/t81/,T82,Clothing,"Hi Vis, Workwear, Unisex, Womens, Mens, Spf 50, Pocket"
S81,Hi Vis Cooldry  Singlets,Singlets,High Visibility Singlets are an ideal visibility garment for the summer when the hi vis polo shirts are too hot. Genuine breathable yarn treated cooldry fabric enable faster moisture wicking and drying. Comes in two colours!,"Screen Print,Emboridery,Heat Transfer","Genuine breathable yarn treated cooldry fabric,Faster moisture wicking and drying,Binding finish around armholes and neckline,Class D, for Day Use Only,UPF Rating: 50+. Protection Category: Excellent",100% Polyester Cooldry Fabric; 165gsm,"Chest (CM): XS- 49 , S- 52 , M- 55 , L- 58 , XL- 61 , XXL- 64 , 3XL- 67 , 5XL- 73","S81 FYN.jpg,S81 FLUORO ORANGE NAVY BLUE.jpg","Fluoro Yellow/Navy blue,Fluoro Orange/navy blue","XS,S,M,L,XL,2XL,3XL,5XL",1,6,100,5.5,300,5,,https://bluewhale.com.au/shop/workwear/singlet-workwear/s81/,S82,Clothing,"Hi Vis, Workwear, Unisex, Womens, Mens, Spf 50"
T82,Hi Vis Cooldry Action T-shirt,T Shirts,High Visibility T-shirt is made from premium moisture wicking fabric which is so soft and smooth that you will feel comfortable and cool in hot and steamy weather. With side panel deisgn and single pocket with pen partition enhance its performance. Comes in 2 colours!,"Screen Print,Emboridery,Heat Transfer","Genuine breathable yarn treated cooldry fabric,Faster moisture wicking and drying,Fashionable side panel design,Button up single pocket with pen partition,Class D, for Day Use Only,UPF Rating: 50+. Protection Category: Excellent",100% Polyester Cooldry Fabric; 165gsm,"Chest (CM): XS- 49 , S- 52 , M- 55 , L- 58 , XL- 61 , XXL- 64 , 3XL- 67 , 5XL- 73","T82 FON.jpg,T82 FLUORO ORANGE NAVY BLUE BK.jpg,T82 FLUORO YELLOW NAVY BLUE.jpg,T82 FLUORO YELLOW NAVY BLUE BK.jpg","Fluoro Yellow,Fluoro Orange","XS,S,M,L,XL,2XL,3XL,5XL",1,7.5,100,7,300,6.5,,https://bluewhale.com.au/shop/workwear/tshirt-workwear/t82/,T81,Clothing,"Hi Vis, Workwear, Unisex, Womens, Mens, Spf 50, Pocket"
S82,Hi Vis Cooldry Action Singlet,Singlets,High Visibility T-shirt is made from premium moisture wicking fabric which is so soft and smooth that you will feel comfortable and cool in hot and steamy weather. With side panel deisgn and single pocket with pen partition enhance its performance. Comes in 2 colours!,"Screen Print,Emboridery,Heat Transfer","Genuine breathable yarn treated cooldry fabric,Faster moisture wicking and drying,Fashionable side panel design,Class D, for Day Use Only,UPF Rating: 50+. Protection Category: Excellent",100% Polyester Cooldry Fabric; 165gsm,"Chest (CM): XS- 49 , S- 52 , M- 55 , L- 58 , XL- 61 , XXL- 64 , 3XL- 67 , 5XL- 73","S82 FYN.jpg,S82 FLUORO ORANGE NAVY BLUE.jpg","Fluoro Yellow,Fluoro Orange","XS,S,M,L,XL,2XL,3XL,5XL",1,6.5,100,6,300,5.5,,https://bluewhale.com.au/shop/workwear/singlet-workwear/s82/,S81,Clothing,"Hi Vis, Workwear, Unisex, Womens, Mens, Spf 50"
P84,"Cotton Back Coolfast Hi Vis Polo Shirt, Long Sleeve",Polo Shirts,"With genuine yarn treated Coolfast fibre outside and high grade 40s combed cotton fibre inside the comfortable wearing is ensured. This garment provides faster moisture wicking and drying feature, which is also necessary for someone who is allergic to polyester materials.","Screen Print,Emboridery,Heat Transfer","Genuine breathable yarn treated cooldry fabric,Faster moisture wicking and drying,Single pocket with pencil partition,Class D, for Day Use Only,UPF Rating: 50+. Protection Category: Excellent","60% Polyester,40% Cotton; 175gsm","Chest (CM): XS- 49 , S- 52 , M- 55 , L- 58 , XL- 61 , XXL- 64 , 3XL- 67 , 4XL- 70, 5XL- 73","P84 FLUORO YELLOW NAVY BLUE.jpg,P84 FLUORO ORANGE NAVY BLUE.jpg","Fluoro Yellow/Navy blue,Fluoro Orange/navy blue","XS,S,M,L,XL,2XL,3XL,4XL,5XL",1,12.3,100,11.8,300,11.3,,https://bluewhale.com.au/shop/workwear/polo-workwear/p84/,"P81,P82,P85",Clothing,"Hi Vis, Unisex, Mens, Womens, Workwear, Pocket, Spf 50, Longsleeve, Poly Cotton"
P85,"Cotton Back Coolfast Hi Vis Polo Shirt, Short Sleeve",Polo Shirts,"With genuine yarn treated Coolfast fibre outside and high grade 40s combed cotton fibre inside the comfortable wearing is ensured. This garment provides faster moisture wicking and drying feature, which is also necessary for someone who is allergic to polyester materials.","Screen Print,Emboridery,Heat Transfer","Genuine breathable yarn treated cooldry fabric,Faster moisture wicking and drying,Single pocket with pencil partition,Class D, for Day Use Only,UPF Rating: 50+. Protection Category: Excellent","60% Polyester,40% Cotton; 175gsm","Chest (CM): XS- 49 , S- 52 , M- 55 , L- 58 , XL- 61 , XXL- 64 , 3XL- 67 , 4XL- 70, 5XL- 73","P85.jpg,P85 FLUORO ORANGE NAVY BLUE.jpg","Fluoro Yellow/Navy blue,Fluoro Orange/navy blue","XS,S,M,L,XL,2XL,3XL,4XL,5XL",1,11.3,100,10.8,300,10.3,,https://bluewhale.com.au/shop/workwear/polo-workwear/p85/,"P81,P82,P84",Clothing,"Hi Vis, Unisex, Mens, Womens, Workwear, Pocket, Spf 50, Poly Cotton"
P74,"Cotton Back True Dry Hi Vis Day/Night Polo Shirt, Long Sleeve",Polo Shirts,"Cotton Back High Visibility Polo Shirt is treated Coolfast fibre outside and 100% hight grade 40s combed cotton fibre inside. Tape pattern meets requirement of new safety garment standard at any conditions. This features faster moisture wicking and drying, underam air vents enhance its performance.","Screen Print,Emboridery,Heat Transfer","Genuine breathable yarn treated cooldry fabric,Faster moisture wicking and drying,Single pocket with pencil partition,All with underarm air vents,Class D, for Day Use Only,UPF Rating: 50+. Protection Category: Excellent","60% Polyester,40% Cotton; 175gsm","Chest (CM): XS- 49 , S- 52 , M- 55 , L- 58 , XL- 61 , XXL- 64 , 3XL- 67 , 5XL- 73","P74 FYN.jpg,P74 FLUORO YELLOW NAVY BLUE BK.jpg,P74 FLUORO ORANGE NAVY BLUE BK.jpg,P74 FLUORO ORANGE NAVY BLUE.jpg,","Fluoro Yellow/Navy blue,Fluoro Orange/navy blue","XS,S,M,L,XL,2XL,3XL,5XL",1,14.5,100,14,300,13.5,,https://bluewhale.com.au/shop/workwear/polo-workwear/p74/,"P91,P92,P75",Clothing,"Hi Vis, Unisex, Mens, Womens, Workwear, Pocket, Poly Cotton, Spf 50, Longsleeve"
P75,"Cotton Back True Dry Hi Vis Day/Night Polo Shirt, Short Sleeve",Polo Shirts,"Cotton Back High Visibility Polo Shirt is treated Coolfast fibre outside and 100% hight grade 40s combed cotton fibre inside. Tape pattern meets requirement of new safety garment standard at any conditions. This features faster moisture wicking and drying, underam air vents enhance its performance.","Screen Print,Emboridery,Heat Transfer","Genuine breathable yarn treated cooldry fabric,Faster moisture wicking and drying,Single pocket with pencil partition,All with underarm air vents,Class D, for Day Use Only,UPF Rating: 50+. Protection Category: Excellent","60% Polyester,40% Cotton; 175gsm","Chest (CM): XS- 49 , S- 52 , M- 55 , L- 58 , XL- 61 , XXL- 64 , 3XL- 67 , 5XL- 73","P75 FON.jpg,P75 FLUORO ORANGE NAVY BLUE BK.jpg,P75 FLUORO ORANGE NAVY BLUE VENTS.jpg,P75 FLUORO YELLOW NAVY BLUE.jpg","Fluoro Yellow/Navy blue,Fluoro Orange/navy blue","XS,S,M,L,XL,2XL,3XL,5XL",1,13.5,100,13,300,12.5,,https://bluewhale.com.au/shop/workwear/polo-workwear/p75/,"P91,P92,P74",Clothing,"Hi Vis, Unisex, Mens, Womens, Workwear, Pocket, Poly Cotton, Spf 50"
P76,"Segment Taped cotton back polo,L/S",Polo Shirts,For the first time the new segment reflective taped is used in Blue Whale  Hi Vis  workwear. The segmented reflective tape is heat  transferred to the garment  and can stretch with garment 's fabric . It brings more flexibility and more breathability  to the garment . Combined with  the contton back cooldry fabric  these  stylish  polo  shirts are surely  the best avaliable  in today's market  for the day /night use hi vis safety polo shirts .,"Screen Print,Emboridery,Heat Transfer","Stylish segmented tape for more breathability and more flexibility,Breathable cotton back Cooldry fabric,Faster moisture wicking and drying","40% Polyester,60% Cotton; 175gsm","Chest (CM): XS- 49.5 , S- 52 , M- 55 , L- 58 , XL- 61 , XXL- 64 , 3XL- 67 ,4XL-70, 5XL- 73","P76 FYN.jpg,P76 FYN BACK.jpg,P76 Orange-Navy.jpg","Fluoro Yellow/Navy blue,Fluoro Orange/navy blue","XS,S,M,L,XL,2XL,3XL,4XL,5XL",1,19.5,100,19,300,18.5,,https://bluewhale.com.au/shop/workwear/polo-workwear/p76/,P76,Clothing,"Hi Vis, Unisex, Mens, Womens, Workwear, Pocket, Spf 50, Longsleeve, Poly Cotton"
P77,"Segment Taped cotton back polo,S/S",Polo Shirts,For the first time the new segment reflective taped is used in Blue Whale  Hi Vis  workwear. The segmented reflective tape is heat  transferred to the garment  and can stretch with garment 's fabric . It brings more flexibility and more breathability  to the garment . Combined with  the contton back cooldry fabric  these  stylish  polo  shirts are surely  the best avaliable  in today's market  for the day /night use hi vis safety polo shirts .,"Screen Print,Emboridery,Heat Transfer","Stylish segmented tape for more breathability and more flexibility,Breathable cotton back Cooldry fabric,Faster moisture wicking and drying","40% Polyester,60% Cotton; 175gsm","Chest (CM): XS- 49.5 , S- 52 , M- 55 , L- 58 , XL- 61 , XXL- 64 , 3XL- 67 ,4XL-70, 5XL- 73","P77 FON.jpg,P77 FON BACK.jpg,P77 Yellow-Navy.jpg","Fluoro Yellow/Navy blue,Fluoro Orange/navy blue","XS,S,M,L,XL,2XL,3XL,4XL,5XL",1,18.5,100,18,300,17.5,,https://bluewhale.com.au/shop/workwear/polo-workwear/p77/,P77,Clothing,"Hi Vis, Unisex, Mens, Womens, Workwear, Pocket, Spf 50, Poly Cotton"
P93,"100% Cotton Hi Vis Polo, Long sleeve",Polo Shirts,"100% Cotton Hi Vis polo shirts are made with soft feel ring spun yarn with underarm air vents, which are introduced to meet the increasing demand of non-polyester material workwear.","Screen Print,Emboridery,Heat Transfer","Soft feel ring spun yarn,Combed cotton, Pre shrunk,All with underarm air vents,Class D, for Day Use Only","100% Cotton Ring Spun Combed Cotton,200gsm","Chest (CM): XS- 49 , S- 52 , M- 55 , L- 58 , XL- 61 , XXL- 64 , 3XL- 67 , 5XL- 73","P93 FYN.jpg,P93 FYN Side.jpg,P93 FLUORO ORANGE NAVY BLUE.jpg","Fluoro Yellow/Navy blue,Fluoro Orange/navy blue","XS,S,M,L,XL,2XL,3XL,5XL",1,14,100,13.5,300,13,,https://bluewhale.com.au/shop/workwear/polo-workwear/p93/,"P94,P95,P96",Clothing,"Hi Vis, Unisex, Mens, Womens, Workwear, Pocket, Cotton, Spf 50, Longsleeve"
P94,"100% Cotton Hi Vis Polo, Short sleeve",Polo Shirts,"100% Cotton Hi Vis polo shirts are made with soft feel ring spun yarn with underarm air vents, which are introduced to meet the increasing demand of non-polyester material workwear.","Screen Print,Emboridery,Heat Transfer","Soft feel ring spun yarn,Combed cotton, Pre shrunk,All with underarm air vents,Class D, for Day Use Only","100% Cotton Ring Spun Combed Cotton,200gsm","Chest (CM): XS- 49 , S- 52 , M- 55 , L- 58 , XL- 61 , XXL- 64 , 3XL- 67 , 5XL- 73","P94.jpg,P94 FON.jpg","Fluoro Yellow/Navy blue,Fluoro Orange/navy blue","XS,S,M,L,XL,2XL,3XL,5XL",1,12,100,11.5,300,11,,https://bluewhale.com.au/shop/workwear/polo-workwear/p94/,"P93,P95,P96",Clothing,"Hi Vis, Unisex, Mens, Womens, Workwear, Pocket, Cotton, Spf 50"
P95,"100% Cotton Hi Vis Polo, Long sleeve",Polo Shirts,"100% Cotton Hi Vis polo shirts are made with soft feel ring spun yarn features with underarm air vents and reflecting tapes, which are introduced to meet the increasing demand of non-polyester material workwear.","Screen Print,Emboridery,Heat Transfer","Soft feel ring spun yarn,Combed cotton, Pre shrunk,All with underarm air vents,Class D/N, for Day or Night Use","100% Cotton Ring Spun Combed Cotton,200gsm","Chest (CM): XS- 49 , S- 52 , M- 55 , L- 58 , XL- 61 , XXL- 64 , 3XL- 67 , 5XL- 73","P95.jpg,P95 FLUORO ORANGE NAVY BLUE BK.jpg,P95 FLUORO YELLOW NAVY BLUE  .jpg,P95 FLUORO YELLOW NAVY BLUE BK.jpg","Fluoro Yellow/Navy blue,Fluoro Orange/navy blue","XS,S,M,L,XL,2XL,3XL,5XL",1,16,100,15.5,300,15,,https://bluewhale.com.au/shop/workwear/polo-workwear/p95/,"P93,P94,P96",Clothing,"Hi Vis, Unisex, Mens, Womens, Workwear, Pocket, Cotton, Spf 50, Longsleeve"
P96,"100% Cotton Hi Vis Polo, Short sleeve",Polo Shirts,"100% Cotton Hi Vis polo shirts are made with soft feel ring spun yarn features with underarm air vents and reflecting tapes, which are introduced to meet the increasing demand of non-polyester material workwear.","Screen Print,Emboridery,Heat Transfer","Soft feel ring spun yarn,Combed cotton, Pre shrunk,All with underarm air vents,Class D/N, for Day or Night Use","100% Cotton Ring Spun Combed Cotton,200gsm","Chest (CM): XS- 49 , S- 52 , M- 55 , L- 58 , XL- 61 , XXL- 64 , 3XL- 67 , 5XL- 73","P96 FYN.jpg,P96 FLUORO YELLOW NAVY BLUE.CR2.jpg,P96 FLUORO ORANGE NAVY BLUE.jpg,P96 FLUORO ORANGE NAVY BLUE BK.jpg","Fluoro Yellow/Navy blue,Fluoro Orange/navy blue","XS,S,M,L,XL,2XL,3XL,5XL",1,14,100,13.5,300,13,,https://bluewhale.com.au/shop/workwear/polo-workwear/p96/,"P93,P94,P95",Clothing,"Hi Vis, Unisex, Mens, Womens, Workwear, Pocket, Cotton, Spf 50"
T84,100% Cotton Hi Vis T-Shirt,T Shirts,100% Cotton high visibility T-shirt meets increasing demand of non-polyester material workwear. With soft feel ring spun yarn gives a comfortable feel. Comply with Australian Safety Garment Standard.,"Screen Print,Emboridery,Heat Transfer","Soft feel ring spun yarn,Combed cotton, pre shrunk,Class D, for Day Use Only,UPF Rating: 50+. Protection Category: Excellent","100% Ring Spun Combed Cotton,200 gsm","Chest (CM): XS- 49 , S- 52 , M- 55 , L- 58 , XL- 61 , XXL- 64 , 3XL- 67 , 5XL- 73","T84 FYN.jpg,T84 FLUORO YELLOW NAVY BLUE.jpg,T84 FLUORO ORANGE NAVY BLUE.jpg,T84 FLUORO ORANGE NAVY BLUE BK.jpg","Fluoro Yellow,Fluoro Orange","XS,S,M,L,XL,2XL,3XL,5XL",1,10,100,9.5,300,9,,https://bluewhale.com.au/shop/workwear/tshirt-workwear/t84/,S84,Clothing,"Hi Vis, Workwear, Unisex, Womens, Mens, Spf 50, Pocket, Cotton"
S84,100% Cotton Hi Vis Singlet,Singlets,100% Cotton high visibility singlet meets increasing demand of non-polyester material workwear. With soft feel ring spun yarn gives a comfortable feel. Comply with Australian Safety Garment Standard.,"Screen Print,Emboridery,Heat Transfer","Soft feel ring spun yarn,Combed cotton, pre shrunk,Class D, for Day Use Only,UPF Rating: 50+. Protection Category: Excellent","100% Ring Spun Combed Cotton,200 gsm","Chest (CM): XS- 49 , S- 52 , M- 55 , L- 58 , XL- 61 , XXL- 64 , 3XL- 67 , 5XL- 73","S84 FON.jpg,S84 FLUORO YELLOW NAVY BLUE.jpg","Fluoro Yellow,Fluoro Orange","XS,S,M,L,XL,2XL,3XL,5XL",1,8.5,100,8,300,7.5,,https://bluewhale.com.au/shop/workwear/singlet-workwear/s84/,T84,Clothing,"Hi Vis, Workwear, Unisex, Womens, Mens, Spf 50, Cotton"
C81,"Hi Vis 155 GSM Cotton Twill Shirt, Long Sleeve",Shirts,This is a standard two-tone high visibility safety twill shirt. It's made from light weight durable 100% cotton twill fabric. Underarm air vents and hidden back shoulder air vent are provided. It is very comfortable to wear at work. It complies with new Hi Vis Safety Garment Standard and UPF Rating 50+ as counted in Excellent grade.,"Screen Print,Emboridery,Heat Transfer","Fine quality cotton twill, Pre shrunk,Underarm air flow cotton mesh vents,Hidden back shoulder air flow cotton mesh vent,Twin pockets with button up flaps,Pen pocket on left hand side sleeve,Class D, for Day Use Only,UPF Rating: 50+. Protection Category: Excellent","100% Cotton,155 gsm","Collar (CM): XS- 37 , S- 38 , M- 40 , L- 42 , XL- 44 , XXL- 46, 3XL- 48 , 5XL- 50, 5XL- 52","C81 orange navy.jpg,C81 YELLOW NAVY.jpg,C81 YELLOW NAVY VENT.jpg,BACK VENT YELLOW 02.jpg","Safety Yellow/Navy blue,Safety Orange/navy blue","XS,S,M,L,XL,2XL,3XL,4XL,5XL",1,18,100,17.5,300,17,,https://bluewhale.com.au/shop/workwear/drill-shirt-workwear/c81/,"C82,C91,C92",Clothing,"Hi Vis, Workwear, Unisex, Womens, Mens, Cotton, Spf 50, Longsleeve, Pocket"
C82,"Hi Vis 155 GSM Cotton Twill Shirt, Short Sleeve",Shirts,This is a standard two-tone high visibility safety twill shirt. It's made from light weight durable 100% cotton twill fabric. Underarm air vents and hidden back shoulder air vent are provided. It is very comfortable to wear at work. It complies with new Hi Vis Safety Garment Standard and UPF Rating 50+ as counted in Excellent grade.,"Screen Print,Emboridery,Heat Transfer","Fine quality cotton twill, Pre shrunk,Underarm air flow cotton mesh vents,Hidden back shoulder air flow cotton mesh vent,Twin pockets with button up flaps,Class D, for Day Use Only,UPF Rating: 50+. Protection Category: Excellent","100% Cotton,155 gsm","Collar (CM): XS- 37 , S- 38 , M- 40 , L- 42 , XL- 44 , XXL- 46, 3XL- 48 , 5XL- 50, 5XL- 52","C82 FYN.jpg,C82 yellow navy-under arm vent.jpg,C82 safety orange.jpg,BACK VENT ORANGE 01.jpg","Safety Yellow/Navy blue,Safety Orange/navy blue","XS,S,M,L,XL,2XL,3XL,4XL,5XL",1,17,100,16.5,300,16,,https://bluewhale.com.au/shop/workwear/drill-shirt-workwear/c82/,"C81,C91,C92",Clothing,"Hi Vis, Workwear, Unisex, Womens, Mens, Cotton, Spf 50, Pocket"
C91,"Hi Vis 155 GSM Cotton Twill Shirt, Long Sleeve",Shirts,This is a standard two-tone high visibility safety twill shirt. It's made from light weight durable 100% cotton twill fabric. Underarm air vents and hidden back shoulder air vent are provided. Reflective tape allow you to work for both day and night. It complies with new Hi Vis Safety Garment Standard and UPF Rating 50+ as counted in Excellent grade.,"Screen Print,Emboridery,Heat Transfer","Fine quality cotton twill, Pre shrunk,Underarm air flow cotton mesh vents,Hidden back shoulder air flow cotton mesh vent,Twin pockets with button up flaps,Class D/N, for Day or Night Use,UPF Rating: 50+. Protection Category: Excellent","100% Cotton,155 gsm","Collar (CM): XS- 37 , S- 38 , M- 40 , L- 42 , XL- 44 , XXL- 46, 3XL- 48 , 5XL- 50, 5XL- 52","C91 FYN.jpg,C91 YELLOW NAVY VENT.jpg,C91 ORANGE NAVY.jpg,BACK VENT ORANGE 01.jpg","Safety Yellow/Navy blue,Safety Orange/navy blue","XS,S,M,L,XL,2XL,3XL,4XL,5XL",1,21,100,20.5,300,20,,https://bluewhale.com.au/shop/workwear/drill-shirt-workwear/c91/,"C82,C81,C92",Clothing,"Hi Vis, Workwear, Unisex, Womens, Mens, Cotton, Spf 50, Longsleeve, Pocket"
C92,"Hi Vis 155 GSM Cotton Twill Shirt, Short Sleeve",Shirts,This is a standard two-tone high visibility safety twill shirt. It's made from light weight durable 100% cotton twill fabric. Underarm air vents and hidden back shoulder air vent are provided. Reflective tape allow you to work for both day and night. It complies with new Hi Vis Safety Garment Standard and UPF Rating 50+ as counted in Excellent grade.,"Screen Print,Emboridery,Heat Transfer","Fine quality cotton twill, Pre shrunk,Underarm air flow cotton mesh vents,Hidden back shoulder air flow cotton mesh vent,Twin pockets with button up flaps,Class D/N, for Day or Night Use,UPF Rating: 50+. Protection Category: Excellent","100% Cotton,155 gsm","Collar (CM): XS- 37 , S- 38 , M- 40 , L- 42 , XL- 44 , XXL- 46, 3XL- 48 , 5XL- 50, 5XL- 52","C94 yellow navy.jpg,C94 SAFETY ORANGE NAVY BLUE.jpg,BACK VENT ORANGE 01.jpg","Safety Yellow/Navy blue,Safety Orange/navy blue","XS,S,M,L,XL,2XL,3XL,4XL,5XL",1,20,100,19.5,300,19,,https://bluewhale.com.au/shop/workwear/drill-shirt-workwear/c92/,"C82,C91,C91",Clothing,"Hi Vis, Workwear, Unisex, Womens, Mens, Cotton, Spf 50, Pocket"
C83,"Hi Vis 190 GSM Cotton Drill Work Shirt, Long Sleeve",Shirts,This is a standard two-tone high visibility safety drill shirt. It's made from soft but durable 100% cotton drill fabric and is very comfortable to wear at work. It meets the new Hi Vis Safety Garment Standard requirement.,"Screen Print,Emboridery,Heat Transfer","Durable and Comfortable cotton drill, Pre shrunk,Underarm air flow cotton mesh vents,Twin pockets with button up flaps,Now with navy colour collar,Class D, for Day Use Only,UPF Rating: 50+. Protection Category: Excellent","100% Cotton,190 gsm","Collar (CM): XS- 37 , S- 38 , M- 40 , L- 42 , XL- 44 , XXL- 46 , 3XL- 48 , 5XL- 50 , 5XL- 52","C83 orange navy.jpg,C83 YELLOW NAVY.jpg,C83 YELLOW NAVY VENT.jpg","Safety Yellow/Navy blue,Safety Orange/navy blue","XS,S,M,L,XL,2XL,3XL,4XL,5XL",1,18,100,17.5,300,17,,https://bluewhale.com.au/shop/workwear/drill-shirt-workwear/c83/,"C84,C93,C94",Clothing,"Hi Vis, Workwear, Unisex, Womens, Mens, Cotton, Spf 50, Longsleeve, Pocket"
C84,"Hi Vis 190 GSM Cotton Drill Work Shirt, Short Sleeve",Shirts,This is a standard two-tone high visibility safety drill shirt. It's made from soft but durable 100% cotton drill fabric and is very comfortable to wear at work. It meets the new Hi Vis Safety Garment Standard requirement.,"Screen Print,Emboridery,Heat Transfer","Durable and Comfortable cotton drill, Pre shrunk,Underarm air flow cotton mesh vents,Twin pockets with button up flaps,Now with navy colour collar,Class D, for Day Use Only,UPF Rating: 50+. Protection Category: Excellent","100% Cotton,190 gsm","Collar (CM): XS- 37 , S- 38 , M- 40 , L- 42 , XL- 44 , XXL- 46 , 3XL- 48 , 5XL- 50 , 5XL- 52","C84 FYN.jpg,C83 YELLOW NAVY VENT.jpg,C82 safety orange.jpg","Safety Yellow/Navy blue,Safety Orange/navy blue","XS,S,M,L,XL,2XL,3XL,4XL,5XL",1,17,100,16.5,300,16,,https://bluewhale.com.au/shop/workwear/drill-shirt-workwear/c84/,"C83,C93,C94",Clothing,"Hi Vis, Workwear, Unisex, Womens, Mens, Cotton, Spf 50, Pocket"
C93,"Hi Vis 190 GSM Cotton Drill Work Shirt, Long Sleeve",Shirts,This is a standard two-tone high visibility safety drill shirt. It's made from soft but durable 100% cotton drill fabric and is very comfortable to wear at work. Underarm air vents are provided and reflecting tape enable a safety working at day and night. It complies with new Hi Vis Safety Garment Standard.,"Screen Print,Emboridery,Heat Transfer","Durable and Comfortable cotton drill, Pre shrunk,Underarm air flow cotton mesh vents,Twin pockets with button up flaps,Now with navy colour collar,Class D/N, for Day or Night Use,UPF Rating: 50+. Protection Category: Excellent","100% Cotton,190 gsm","Collar (CM): XS- 37 , S- 38 , M- 40 , L- 42 , XL- 44 , XXL- 46 , 3XL- 48 , 5XL- 50 , 5XL- 52","C93 FON.jpg,C93 SAFETY YELLOW NAVY BLUE.jpg,C91 ORANGE NAVY VENT.jpg","Safety Yellow/Navy blue,Safety Orange/navy blue","XS,S,M,L,XL,2XL,3XL,4XL,5XL",1,21,100,20.5,300,20,,https://bluewhale.com.au/shop/workwear/drill-shirt-workwear/c93/,"C83,C84,C94",Clothing,"Hi Vis, Workwear, Unisex, Womens, Mens, Cotton, Spf 50, Longsleeve, Pocket"
C94,"Hi Vis 190 GSM Cotton Drill Work Shirt, Short Sleeve",Shirts,This is a standard two-tone high visibility safety drill shirt. It's made from soft but durable 100% cotton drill fabric and is very comfortable to wear at work. Underarm air vents are provided and reflecting tape enable a safety working at day and night. It complies with new Hi Vis Safety Garment Standard.,"Screen Print,Emboridery,Heat Transfer","Durable and Comfortable cotton drill, Pre shrunk,Underarm air flow cotton mesh vents,Twin pockets with button up flaps,Now with navy colour collar,Class D/N, for Day or Night Use,UPF Rating: 50+. Protection Category: Excellent","100% Cotton,190 gsm","Collar (CM): XS- 37 , S- 38 , M- 40 , L- 42 , XL- 44 , XXL- 46 , 3XL- 48 , 5XL- 50 , 5XL- 52","C94 yellow navy.jpg,C94 SAFETY ORANGE NAVY BLUE.jpg,C91 ORANGE NAVY VENT.jpg","Safety Yellow/Navy blue,Safety Orange/navy blue","XS,S,M,L,XL,2XL,3XL,4XL,5XL",1,20,100,19.5,300,19,,https://bluewhale.com.au/shop/workwear/drill-shirt-workwear/c94/,"C83,C84,C93",Clothing,"Hi Vis, Workwear, Unisex, Womens, Mens, Cotton, Spf 50, Pocket"
C85,"Hi Vis Twill shirts ,S/S,night use",Shirts,long sleeve hi vis all orange colour cotton twill shirts are made from 155gsm  fine cotton twill with all features you would expect.,"Screen Print,Emboridery,Heat Transfer","Fine quality light weight pre-shrunk cotton,Underarm air flow cotton mesh vents,Twin pockets with button up flaps",100% Cotton; 155gsm,"Chest (CM): XS- 52, S- 55 , M- 58 , L- 61.5 , XL- 65 , XXL- 68.5 , 3XL- 72 ,4XL-76, 5XL- 80",C85.jpg,Fluoro Orange,"XS,S,M,L,XL,2XL,3XL,4XL,5XL",1,18,100,17.5,300,17,,https://bluewhale.com.au/shop/workwear/drill-shirt-workwear/c85/,C85,Clothing,"Hi Vis, Workwear, Unisex, Womens, Mens, Cotton, Spf 50, Longsleeve, Pocket"
C95,"Hi Vis Twill shirts ,L/S,day use",Shirts,long sleeve hi vis all orange colour cotton twill shirts are made from 155gsm  fine cotton twill with all features you would expect.,"Screen Print,Emboridery,Heat Transfer","Fine quality light weight pre-shrunk cotton,Underarm air flow cotton mesh vents,Cross-Back reflective tape",100% Cotton; 155gsm,"Chest (CM): XS- 52, S- 55 , M- 58 , L- 61.5 , XL- 65 , XXL- 68.5 , 3XL- 72 ,4XL-76, 5XL- 80","C95.jpg,C95 BACK.jpg",Fluoro Orange,"XS,S,M,L,XL,2XL,3XL,4XL,5XL",1,21,100,20.5,300,20,,https://bluewhale.com.au/shop/workwear/drill-shirt-workwear/c95/,C95,Clothing,"Hi Vis, Workwear, Unisex, Womens, Mens, Cotton, Spf 50, Longsleeve, Pocket"
C96,Night Use White Cotton Drill Shirt,Shirts,Our night use drill shirt is designed to meet the Australian Hi Vis safety garment standard and it has two bio-motion tapes on both sleeves and extra horizontal reflective tape at the back hem,"Screen Print,Emboridery,Heat Transfer",UPF Rating: 50+. Protection Category: Excellent,100% Cotton; 190gsm,"Chest (CM): XS-52 , S- 55 , M- 58 , L- 61.5 , XL- 65 , XXL- 68.5 , 3XL- 72 ,4XL-76 , 5XL- 80","C96 W93 White.jpg,C96 W93 White Back.jpg,C96 White.jpg,C96 White Back",White,"XS,S,M,L,XL,2XL,3XL,4XL,5XL",1,22,100,21.5,300,21,,https://bluewhale.com.au/shop/workwear/drill-shirt-workwear/c96/,C96,Clothing,"Hi Vis, Workwear, Unisex, Womens, Mens, Cotton"
F81,"Hi Vis Fleecy Sweat, Crew Neck",Hoodies,"High Visibility Fleecy Sweat is a popular workwear item incorporating quality fabric and workmanship. Made from 80% Polyester and 20% cotton, 290gsm. Complies with Safety Garment Standard AS/NZS 4602:1999, and has an excellent UPF Rating: 50+ which is in the protection category: ""Excellent"".  Comes in 3 colours!","Screen Print,Emboridery,Heat Transfer","300gsm heavy weight to keep you warm,Class D, for Day Use Only,UPF Rating: 50+. Protection Category: Excellent","80% Polyester,20% Cotton; 300gsm","Chest (CM): XS- 55, S- 61 , M- 61 , L- 64 , XL- 67 , XXL- 70 , 3XL- 73 , 4XL- 76 , 5XL- 79","F81 FYBT.jpg,F81 FLUORO YELLOW NAVY BLUE.jpg,F81 FLUORO ORANGE NAVY BLUE.jpg","Fluoro Yellow/Navy Blue,Fluoro Yellow/Bottle Green,Fluoro Orange/Navy Blue","XS,S,M,L,XL,2XL,3XL,4XL,5XL",1,14.5,100,14,300,13.5,,https://bluewhale.com.au/shop/workwear/jumper-workwear/f81/,"F82,F93,F94,F85,F95,F96,F97",Clothing,"Hi Vis, Workwear, Unisex, Mens, Womens, Spf 50, Fleece"
F82,"Hi Vis Fleecy Sweat, V-neck",Hoodies,"High Visibility Fleecy Sweat is a popular workwear item incorporating quality fabric and workmanship. Made from 80% Polyester and 20% cotton, 290gsm. Complies with Safety Garment Standard AS/NZS 4602:1999, and has an excellent UPF Rating: 50+ which is in the protection category: ""Excellent"".  Comes in 3 colours!","Screen Print,Emboridery,Heat Transfer","300gsm heavy weight to keep you warm,Class D, for Day Use Only,UPF Rating: 50+. Protection Category: Excellent","80% Polyester,20% Cotton; 300gsm","Chest (CM): XS- 55, S- 61 , M- 61 , L- 64 , XL- 67 , XXL- 70 , 3XL- 73 , 4XL- 76 , 5XL- 79","F82 FON.jpg,F82 FLUORO YELLOW BOTTLE GREEN.jpg,F82 FLUORO YELLOW NAVY BLUE.jpg","Fluoro Yellow/Navy Blue,Fluoro Yellow/Bottle Green,Fluoro Orange/Navy Blue","XS,S,M,L,XL,2XL,3XL,4XL,5XL",1,14.5,100,14,300,13.5,,https://bluewhale.com.au/shop/workwear/jumper-workwear/f82/,"F81,F93,F94,F85,F95,F96,F97",Clothing,"Hi Vis, Workwear, Unisex, Mens, Womens, Spf 50, Fleece"
F93,Hi Vis Fleecy Hoodie with Kangaroo Pocket,Hoodies,Hi Vis Fleecy Hoodie is made with non-pill fabric. Designed with kangaroo pocket in front enhance its function! It complies with new Hi Vis Safety Garment Standard UPF Rating 50+ is counted as Excellent protection category.,"Screen Print,Emboridery,Heat Transfer","Non-pill fabric,Kangaroo Pocket at front,Bottom half of back panel in navy colour,Excellent for screen printing,Class D, for Day Use Only,UPF Rating: 50+. Protection Category: Excellent","80% Polyester,20% Cotton; 300gsm","Chest (CM): XS- 55 , S- 58, M- 61 , L- 64 , XL- 67 , XXL- 70 , 3XL- 73 , 5XL- 79","F93 FON.jpg,F93 FLUORO YELLOW NAVY BLUE.jpg","Fluoro Yellow/Navy blue,Fluoro Orange/navy blue","XS,S,M,L,XL,2XL,3XL,5XL",1,17,100,16.5,300,16,,https://bluewhale.com.au/shop/workwear/jumper-workwear/f93/,"F82,F91,F94,F85,F95,F96,F97",Clothing,"Hi Vis, Workwear, Unisex, Mens, Womens, Spf 50, Fleece, With Hood, Longsleeve, Pocket"
F94,Hi Vis Fleecy Hoodie with Full Zip Front,Hoodies,"Hi Vis Full Zip Fleecy Hoodie is made with non-pill fabric with full zip at front and 2 side pockets with zip, which is easy to wear and fashionable. It complies with new Hi Vis Safety Garment Standard and UPF Rating 50+ is counted as Excellent protection category.","Screen Print,Emboridery,Heat Transfer","Non-pill fabric, full zip at front,2 side pockets with zip,Bottom half of back panel in navy colour,Excellent for screen printing,Class D, for Day Use Only,UPF Rating: 50+. Protection Category: Excellent","80% Polyester,20% Cotton; 300gsm","Chest (CM): XS- 55 , S- 58, M- 61 , L- 64 , XL- 67 , XXL- 70 , 3XL- 73 , 5XL- 79","F94 FYN.jpg,F94 FLUORO ORANGE NAVY BLUE.jpg","Fluoro Yellow/Navy blue,Fluoro Orange/navy blue","XS,S,M,L,XL,2XL,3XL,5XL",1,18.5,100,18,300,17.5,,https://bluewhale.com.au/shop/workwear/jumper-workwear/f94/,"F82,F93,F91,F85,F95,F96,F97",Clothing,"Hi Vis, Workwear, Unisex, Mens, Womens, Spf 50, Fleece, With Hood, Longsleeve, Pocket"
F85,Hi Vis Fleecy Jumper,Hoodies,"High Visibility Fleecy Jumper is a popular workwear item incorporating quality fabric and workmanship. Made from 80% Polyester and 20% cotton non-pill fabric. Complies with Safety Garment Standard and has an excellent UPF Rating: 50+ which is in the protection category: ""Excellent"".  Comes in 2 colours!","Screen Print,Emboridery,Heat Transfer","Non-pill fabric,2 side pockets with zip,Bottom half of back panel in navy colour,Excellent for screen printing,Class D, for Day Use Only,UPF Rating: 50+. Protection Category: Excellent","80% Polyester,20% Cotton; 300gsm","Chest (CM): XS- 55 , S- 58 , M- 61 , L- 64 , XL- 67 , XXL- 70 , 3XL- 73, 5XL- 79","F85 FYN.jpg,F85 FLUORO ORANGE NAVY BLUE.jpg","Fluoro Yellow/Navy blue,Fluoro Orange/navy blue","XS,S,M,L,XL,2XL,3XL,5XL",1,18,100,17.5,300,17,,https://bluewhale.com.au/shop/workwear/jumper-workwear/f85/,"F82,F93,F94,F81,F95,F96,F97",Clothing,"Hi Vis, Workwear, Unisex, Mens, Womens, Spf 50, Fleece, Longsleeve, Pocket"
F95,"Hi Vis D/N Fleecy Jumper, Parallel Back Tape",Hoodies,"High Visibility D/N Fleecy Jumper is a popular winter workwear with reflective tapes. The standard parallel tape pattern is fitted for general use. Double reflective loops on sleeves for added safety at night.  Complies with Safety Garment Standard and has an excellent UPF Rating: 50+ which is in the protection category: ""Excellent"".","Screen Print,Emboridery,Heat Transfer","Non-pill fabric,2 side pockets with zip,Bottom half of back panel in navy colour,Excellent for screen printing,Class D/N, for Day or Night Use,UPF Rating: 50+. Protection Category: Excellent","80% Polyester,20% Cotton; 300gsm","Chest (CM): XS- 55, S- 58 , M- 61 , L- 64 , XL- 67 , XXL- 70 , 3XL- 73 , 5XL- 79","F95 FYN.jpg,F95 FLUORO YELLOW NAVY BLUE BK.jpg,F95 FLUORO ORANGE NAVY BLUE.jpg","Fluoro Yellow/Navy blue,Fluoro Orange/navy blue","XS,S,M,L,XL,2XL,3XL,5XL",1,22,100,21.5,300,21,,https://bluewhale.com.au/shop/workwear/jumper-workwear/f95/,"F82,F93,F94,F85,F91,F96,F97",Clothing,"Hi Vis, Workwear, Unisex, Mens, Womens, Spf 50, Fleece, Longsleeve, Pocket"
F96,"Hi Vis D/N Fleecy Jumper, Cross Back Tape",Hoodies,"High Visibility D/N Fleecy Jumper is a popular winter workwear with reflective tapes. The cross back tape pattern is fitted for use in special circumstance. Double reflective loops on sleeves for added safety at night.  Complies with Safety Garment Standard and has an excellent UPF Rating: 50+ which is in the protection category: ""Excellent"".","Screen Print,Emboridery,Heat Transfer","Non-pill fabric,2 side pockets with zip,Bottom half of back panel in navy colour,Excellent for screen printing,Class D/N, for Day or Night Use,UPF Rating: 50+. Protection Category: Excellent","80% Polyester,20% Cotton; 300gsm","Chest (CM): XS- 55, S- 58 , M- 61 , L- 64 , XL- 67 , XXL- 70 , 3XL- 73 , 5XL- 79","F96 FON.jpg,F96 FON BACK.jpg",Fluoro Orange/Navy blue,"XS,S,M,L,XL,2XL,3XL,5XL",1,22,100,21.5,300,21,,https://bluewhale.com.au/shop/workwear/jumper-workwear/f96/,"F82,F93,F94,F85,F95,F91,F97",Clothing,"Hi Vis, Workwear, Unisex, Mens, Womens, Spf 50, Fleece, Longsleeve, Pocket"
F97,Hi Vis D/N Fleecy Hoodie with Kangaroo Pocket,Hoodies,One of the most popular winter workwear is now with reflective tapes. The standard parallel tape pattern is fitted on both colours for general use.,"Screen Print,Emboridery,Heat Transfer","Non-pill fabric,Kangaroo Pocket at front,Bottom half of back panel in navy colour,Excellent for screen printing,Class D/N, for Day or Night Use,UPF Rating: 50+. Protection Category: Excellent","80% Polyester,20% Cotton; 300gsm","Chest (CM): XS- 55 , S- 58, M- 61 , L- 64 , XL- 67 , XXL- 70 , 3XL- 73 , 5XL- 79","F97 Yellow Font.jpg,F97 yellow Back.jpg,F97 Orange Front.jpg,F97 Orange Back.jpg","Fluoro Yellow/Navy blue,Fluoro Orange/navy blue","XS,S,M,L,XL,2XL,3XL,5XL",1,20.5,100,20,300,19.5,,https://bluewhale.com.au/shop/workwear/jumper-workwear/f97/,"F82,F93,F94,F85,F95,F96,F81",Clothing,"Hi Vis, Workwear, Unisex, Mens, Womens, Spf 50, Fleece, Longsleeve, Pocket"
F83,Hi Vis Half Zipped Polar Fleece Jumper,Hoodies,"High Visibility Polar Fleece is another Winter's High Visibility safety garment. 2 side zipped pockets with half front zip enhance its performance. It has been proved to be a winter's favourite garment due to its light weight, warmth and durability. Made fom 100% Polyester, 300gsm. It fulfills the requirement for new Hi Vis Safety Garment Standard.","Screen Print,Emboridery,Heat Transfer","Lightweight non-pill fabric,2 side pockets with zip,Bottom half of back panel in navy colour,Class D, for Day Use Only,UPF Rating: 50+. Protection Category: Excellent","100% Polyester,300gsm","Chest (CM): XS- 55 , S- 58 , M- 61, L- 64 , XL- 67 , XXL- 70 , 3XL- 73 , 5XL- 79","F83 FON.jpg,F83 FLUORO YELLOW NAVY BLUE.jpg","Fluoro Yellow/Navy blue,Fluoro Orange/navy blue","XS,S,M,L,XL,2XL,3XL,5XL",1,17.5,100,17,300,16.5,,https://bluewhale.com.au/shop/workwear/jumper-workwear/f83/,F84,Clothing,"Hi Vis, Workwear, Unisex, Mens, Womens, Spf 50, Fleece, Longsleeve, Pocket"
F84,Hi Vis Half Zipped Polar Fleece Vest,Hoodies,"High Visibility Polar Fleece is another Winter's High Visibility safety garment. 2 side zipped pockets with full front zip enhance its performance. It has been proved to be a winter's favourite garment due to its light weight, warmth and durability. Made fom 100% Polyester, 300gsm. It fulfills the requirement for new Hi Vis Safety Garment Standard.","Screen Print,Emboridery,Heat Transfer","Lightweight non-pill fabric,2 side pockets with zip,Whole back panel in fluoro yellow colour,Class D, for Day Use Only,UPF Rating: 50+. Protection Category: Excellent","100% Polyester,300gsm","Chest (CM): XS- 55 , S- 58 , M- 61, L- 64 , XL- 67 , XXL- 70 , 3XL- 73 , 5XL- 79","F84 FYN.jpg,F84 FLUORO ORANGE NAVY FRONT.jpg,F84 FLUORO ORANGE NAVY BACK.jpg",Fluoro Yellow/Navy Blue,"S,M,L,XL,2XL,3XL,5XL",1,13.5,100,13,300,12.5,,https://bluewhale.com.au/shop/workwear/jumper-workwear/f84/,F83,Clothing,"Hi Vis, Workwear, Unisex, Mens, Womens, Spf 50, Fleece, Longsleeve, Pocket"
J81,"Hi Vis Arctic Jackets, waterproof",Jackets,"High Visibility Arctic Jacket that is jam-packed with features including: Full front zip with velcroed storm flap, hidden tuck-away hood, two large quilted front pockets with flaps, pockets for mobile phones and pens, and complied with Safety Garment Standard AS/NZS 4602.1:2011 and AS/NZS 1906.4:2010. It contains a waterproof polyester shell, and is made from 100% Polyester quilt and lining. A definite winter's must-have item which is available in two colour ways!","Screen Print,Emboridery,Heat Transfer","300D Polyester outside shell with PU coated,Seam-sealed water proof,Full front zip with velcroed storm flap,Two large quilted front pockets with flap,Pockets for mobile phone and pens,Class D, for Day Use Only,UPF Rating: 50+. Protection Category: Excellent","100% Polyester PU Coated Shell,100% Polyester quilt and lining","Chest (CM):  S- 61, M- 64 , L- 67 , XL- 70 , XXL- 73 , 3XL- 76 , 4XL- 79, 5XL- 82","J81 FYN.jpg,J81 Yellow-Navy01.jpg,J81 FLUORO ORANGE NAVY BLUE copy.jpg,J081 Orange-Navy01.jpg","Fluoro Yellow/Navy blue,Fluoro Orange/navy blue","S,M,L,XL,2XL,3XL,5XL",1,31,100,30.5,300,30,,https://bluewhale.com.au/shop/workwear/jacket-workwear/j81/,"J82,J83",Clothing,"Hi Vis, Workwear, Unisex, Mens, Womens, Longsleeve, Pocket, Waterproof"
J83,"Hi Vis Day/ Night Flying Jacket, waterproof",Jackets,"Quality fabric throughout for Tough Industrial Use with longer in length. Seam-sealed water proof with polar  and 2 side pockets, complied with new Hi Vis Safety Garment Standard.","Screen Print,Emboridery,Heat Transfer","300D Polyester outside shell with PU coated,Quilt-lined, concealed hood,Seam-sealed water proof,Two side pockets,Double reflective loops added safety at night,Class D/N, for Day or Night Use,UPF Rating: 50+. Protection Category: Excellent",100% Polyester PU Coated,"Chest (CM):  S- 61 , M- 64 , L- 67 , XL- 70 , XXL- 73 , 3XL- 76 , 5XL- 82","J83 yellow navy.jpg,J83 FLUORO YELLOW NAVY BLUE BK,J83 FLUORO ORANGE NAVY BLUE .jpg,J83 FLUORO ORANGE NAVY BLUE  BK.jpg","Fluoro Yellow/Navy blue,Fluoro Orange/navy blue","S,M,L,XL,2XL,3XL,5XL",1,34,100,33.5,300,33,,https://bluewhale.com.au/shop/workwear/jacket-workwear/j83/,"J81,J82",Clothing,"Hi Vis, Workwear, Unisex, Mens, Womens, Longsleeve, Pocket, Waterproof"
J82,Hi Vis Day/ Night Reversible Vest,Jackets,"Quality fabric throughout for Tough Industrial Use with 2 side pockets which available for wearing inside out. Seam-sealed water proof with polar fleece inside, complied with new Hi Vis Safety Garment Standard.","Screen Print,Emboridery,Heat Transfer","300D Polyester outside shell with PU coated,Fine Polar Fleece inside,Seam-sealed water proof,Two side pockets,Can be worn inside out,Class D/N, for Day or Night Use,UPF Rating: 50+. Protection Category: Excellent",100% Polyester PU Coated,"Chest (CM):  S- 58 , M- 61 , L- 64 , XL- 67 , XXL- 70 , 3XL- 73 , 5XL- 79","J82 orange navy.jpg,J82 FLUORO YELLOW NAVY BLUE.jpg,J82 FLUORO YELLOW NAVY BLUE BK.jpg","Fluoro Yellow/Navy blue,Fluoro Orange/navy blue","S,M,L,XL,2XL,3XL,5XL",1,20,100,19.5,300,19,,https://bluewhale.com.au/shop/workwear/jacket-workwear/j82/,"J81,J83",Clothing,"Hi Vis, Workwear, Unisex, Mens, Womens, Longsleeve, Pocket, Waterproof"
J88,"Hi Vis soft shell vest,day use",Jackets,"This Hi Vis soft shell vest is deigned  to complement our very popular new items of last year Hi Vis soft shell jackets. The hi-tech soft shell fabric offers combination of desired quality and functions such as breathability, waterproof, lighter weight and thinner textures. while it keeps your body warm and dry all day long the vests will maintain your modility and flexbility at work indoors and outdoors.","Screen Print,Emboridery,Heat Transfer",,"Layered Polyester, 320gsm","Chest (CM): S- 54 , M- 57 , L- 60 , XL- 63, XXL- 66, 3XL- 69 ,4XL-72, 5XL- 75","J88 FLUORO YELLOW NAVY BLUE.jpg,J88 FLUORO ORANGE NAVY BLUE BK.jpg","Fluoro Yellow/Navy blue,Fluoro Orange/navy blue","S,M,L,XL,2XL,3XL,4XL,5XL",1,26,100,25.5,300,25,,https://bluewhale.com.au/shop/workwear/jacket-workwear/j88/,J89,Clothing,"Hi Vis, Workwear, Unisex, Mens, Womens, Longsleeve, Pocket, Waterproof"
J89,"Hi Vis soft shell vest, night use",Jackets,"This Hi Vis soft shell vest is deigned  to complement our very popular new items of last year Hi Vis soft shell jackets. The hi-tech soft shell fabric offers combination of desired quality and functions such as breathability, waterproof, lighter weight and thinner textures. while it keeps your body warm and dry all day long the vests will maintain your modility and flexbility at work indoors and outdoors.","Screen Print,Emboridery,Heat Transfer","Water/windproof fabric with breathable membrane,Bonded internal super fine polar fleece to keep body warm and dry","Layered Polyester, 320gsm","Chest (CM): S- 54 , M- 57 , L- 60 , XL- 63, XXL- 66, 3XL- 69 ,4XL-72, 5XL- 75","J89 FLUORO ORANGE NAVY BLUE.jpg,J89 FLUORO YELLOW NAVY BLUE BK.jpg","Fluoro Yellow/Navy blue,Fluoro Orange/navy blue","S,M,L,XL,2XL,3XL,4XL,5XL",1,29,100,28.5,300,28,,https://bluewhale.com.au/shop/workwear/jacket-workwear/j89/,J88,Clothing,"Hi Vis, Workwear, Unisex, Mens, Womens, Longsleeve, Pocket, Waterproof"
J84,Hi Vis Day/ Night Rain Jacket,Jackets,"The raincoat is made from top quality materials throughout. Light in weight makes it suitable for winter and summer. Seam-sealed water proof with 2 side pockets and phone pockets, double reflective loops on sleeves for added safety at night. Complied with new Hi Vis Safety Garment Standard.","Screen Print,Emboridery,Heat Transfer","150D Polyester with PU coated,Seam-sealed water proof,Two side pockets and phone pocket on jacket,Class D/N, for Day or Night Use,UPF Rating: 50+. Protection Category: Excellent",100% Polyester PU Coated,"Chest (CM):  S- 61 , M- 64 , L- 67 , XL- 70 , XXL- 73 , 3XL- 76 , 5XL- 82","J84 and J85 yellow navy.jpg,J84 FLUORO YELLOW NAVY BLUE.jpg,J84 FLUORO YELLOW NAVY BLUE BK.jpg",Fluoro Yellow/Navy blue,"S,M,L,XL,2XL,3XL,5XL",1,24,100,23.5,300,23,,https://bluewhale.com.au/shop/workwear/jacket-workwear/j84/,J85,Clothing,"Hi Vis, Workwear, Unisex, Mens, Womens, Longsleeve, Pocket, Waterproof, With Hood"
J85,Hi Vis Day/ Night Rain Pants,Jackets,The rain pants is made from top quality materials throughout. Light in weight makes it suitable for winter and summer. Seam-sealed water proof and double reflective loops on legs for added safety at night. Complied with new Hi Vis Safety Garment Standard.,"Screen Print,Emboridery,Heat Transfer","150D Polyester with PU coated,Seam-sealed water proof,Class D/N, for Day or Night Use,UPF Rating: 50+. Protection Category: Excellent",100% Polyester PU Coated,"Pull Waist (CM):  S- 58 , M- 60 , L- 62 , XL- 64 , XXL- 66 , 3XL- 68 , 5XL- 72","J84 and J85 yellow navy.jpg,J85 FLUORO YELLOW NAVY BLUE.jpg",Fluoro Yellow/Navy blue,"S,M,L,XL,2XL,3XL,5XL",1,16,100,15.5,300,15,,https://bluewhale.com.au/shop/workwear/jacket-workwear/j85/,J84,Clothing,"Hi Vis, Unisex, Womens, Mens, Workwear, Waterproof, Pocket"
J86,"Hi Vis Soft Shell Jackets,day use",Jackets,A great modern design hi vis soft shell jacket is perfect combination of hi tech fabric with practical functionality. The waterproof fabric with breathability keeps your body warm and dry all day long. The lighter and thinner fabric enhances your mobility in workplaces indoor and outdoor for all those cold and wet days,"Screen Print,Emboridery,Heat Transfer","Water/windproof fabric with breathable membrane,Bonded internal super fine polar fleece to keep body warm and dry,Waterproof zips at front and on all pockets","Layered Polyester, 320gsm","Chest (CM):S- 70 , M- 72 , L- 74 , XL- 77 , XXL- 79 , 3XL- 81 ,4XL-83, 5XL- 85","J86 FON.jpg,J86 Orange-Navy-B.jpg,J86 Yellow-Navy.jpg,J86 Yellow-Navy-B.jpg","Fluoro Yellow/Navy blue,Fluoro Orange/navy blue","S,M,L,XL,2XL,3XL,4XL,5XL",1,32.5,100,32,300,31.5,,https://bluewhale.com.au/shop/workwear/jacket-workwear/j86/,J86,Clothing,"Hi Vis, Workwear, Unisex, Mens, Womens, Longsleeve, Pocket, Waterproof"
J87,"Hi Vis Soft Shell Jackets, night use",Jackets,A great modern design hi vis soft shell jacket is perfect combination of hi tech fabric with practical functionality. The waterproof fabric with breathability keeps your body warm and dry all day long. The lighter and thinner fabric enhances your mobility in workplaces indoor and outdoor for all those cold and wet days,"Screen Print,Emboridery,Heat Transfer","Water/windproof fabric with breathable membrane,Waterproof zips at front and on all pockets,Stylish vertical zippered pocket on right chest and zipped side pockets","Layered Polyester, 320gsm","Chest (CM):S- 70 , M- 72 , L- 74 , XL- 77 , XXL- 79 , 3XL- 81 ,4XL-83, 5XL- 85","J87 FYN.jpg,J87 yellow-Navy-B.jpg,J87 Orange-Navy.jpg,J87 Orange-Navy-B.jpg","Fluoro Yellow/Navy blue,Fluoro Orange/navy blue","S,M,L,XL,2XL,3XL,4XL,5XL",1,35.5,100,35,300,34.5,,https://bluewhale.com.au/shop/workwear/jacket-workwear/j87/,J87,Clothing,"Hi Vis, Workwear, Unisex, Mens, Womens, Longsleeve, Pocket, Waterproof"
J96,"Hooded Hi Vis soft shell jackets ,day use",Jackets,A great modern design hi vis soft shell jacket is perfect combination of hi tech fabric with practical functionality. The waterproof fabric with breathability keeps your body warm and dry all day long. The lighter and thinner fabric enhances your mobility in workplaces indoor and outdoor for all those cold and wet days,"Screen Print,Emboridery,Heat Transfer",,"Layered Polyester, 320gsm","Chest (CM):S- 70 , M- 72 , L- 74 , XL- 77 , XXL- 79 , 3XL- 81 ,4XL-83, 5XL- 85","J96 FYN.jpg,J96 Yellow-Navy-B.jpg,J96 FON.jpg","Fluoro Yellow/Navy blue,Fluoro Orange/navy blue","S,M,L,XL,2XL,3XL,4XL,5XL",1,36.5,100,36,300,35.5,,https://bluewhale.com.au/shop/workwear/jacket-workwear/j96/,J96,Clothing,"Hi Vis, Workwear, Unisex, Mens, Womens, Longsleeve, Pocket, Waterproof, With Hood"
J97,"Hooded Hi Vis soft shell jackets ,day use",Jackets,A great modern design hi vis soft shell jacket is perfect combination of hi tech fabric with practical functionality. The waterproof fabric with breathability keeps your body warm and dry all day long. The lighter and thinner fabric enhances your mobility in workplaces indoor and outdoor for all those cold and wet days,"Screen Print,Emboridery,Heat Transfer","Water/windproof fabric with breathable membrane,Bonded internal super fine polar fleece to keep body warm and dry,Waterproof zips at front and on all pockets","Layered Polyester, 320gsm","Chest (CM):S- 70 , M- 72 , L- 74 , XL- 77 , XXL- 79 , 3XL- 81 ,4XL-83, 5XL- 85","J97 FON.jpg,J97 Orange-Navy-B.jpg,J97 yellow-Navy.jpg,J97 FYN.jpg","Fluoro Yellow/Navy blue,Fluoro Orange/navy blue","S,M,L,XL,2XL,3XL,4XL,5XL",1,39.5,100,39,300,38.5,,https://bluewhale.com.au/shop/workwear/jacket-workwear/j87/,J97,Clothing,"Hi Vis, Workwear, Unisex, Mens, Womens, Longsleeve, Pocket, Waterproof, With Hood"
B03,Mens Long Sleeve Poplin Business Shirt,Shirts,"The business shirt is made from extra fine poly cotton poplin, black colour is especially smart and practical to wear in caf??, bar or restaurant, which can be used in a variety of business environment.","Screen Print,Emboridery,Heat Transfer",,"65% polyester,35% Cotton; 110gsm","Collar (CM): XS- 39 , S- 40 , M- 41.5 , L- 43 , XL- 44.5 , XXL- 46 , 3XL- 47.5 , 5XL- 50","B03 black.jpg,B03 W.jpg",Black,"XS,S,M,L,XL,2XL,3XL,5XL",1,15,100,14.5,300,14,,https://bluewhale.com.au/shop/corporate-wear/business-shirt/b03/,"B04,B05",Clothing,"Mens, Poly Cotton, Longsleeve, Pocket"
B04,Mens Short Sleeve Poplin Business Shirt,Shirts,"The business shirt is made from extra fine poly cotton poplin, black colour is especially smart and practical to wear in caf??, bar or restaurant, which can be used in a variety of business environment.","Screen Print,Emboridery,Heat Transfer",,"65% polyester,35% Cotton; 110gsm","Collar (CM): XS- 39 , S- 40 , M- 41.5 , L- 43 , XL- 44.5 , XXL- 46 , 3XL- 47.5 , 5XL- 50","B04_White.jpg,B04 BLACK.jpg",Black,"XS,S,M,L,XL,2XL,3XL,5XL",1,14.5,100,14,300,13.5,,https://bluewhale.com.au/shop/corporate-wear/business-shirt/b04/,"B03,B05",Clothing,"Mens, Poly Cotton, Pocket"
B05,Ladies 3/4 Sleeve Poplin Business Shirt,Shirts,"The business shirt is made from extra fine poly cotton poplin, black colour is especially smart and practical to wear in caf??, bar or restaurant, which can be used in a variety of business environment.","Screen Print,Emboridery,Heat Transfer",,"65% polyester,35% Cotton; 110gsm","Collar (CM): #8- 38 , #10- 39 , #12- 40 , #14- 41 , #16- 42.5  , #18- 44  , #20- 45.5  , #22- 47","B05 B.jpg,B05 White.jpg",Black,"6,8,10,12,14,16,18,20,22",1,14.5,100,14,300,13.5,,https://bluewhale.com.au/shop/corporate-wear/business-shirt/b05/,"B03,B04",Clothing,"Womens, Poly Cotton, 3/4 Length"
C03,"Cotton Drill Work Shirt, Long Sleeve",Shirts,This is a standard cotton drill work shirt with twin flap pocket. It's made from soft but durable 100% cotton drill fabric and is very comfortable to wear at work,"Screen Print,Emboridery,Heat Transfer",UPF Rating: 50+. Protection Category: Excellent,"100% Cotton,190gsm","Collar (CM): XS- 37 , S- 38 , M- 40 , L- 42 , XL- 44 , XXL- 46 , 3XL- 48 , 5XL- 52",C03 NAVY.jpg,Navy Blue,"XS,S,M,L,XL,2XL,3XL,5XL,7XL",1,18,100,17.5,300,17,,https://bluewhale.com.au/shop/corporate-wear/work-shirt/c03/,C04,Clothing,"Unisex, Cotton, Longsleeve, Spf 50, Pocket"
C04,"Cotton Drill Work Shirt, Short Sleeve",Shirts,This is a standard cotton drill work shirt with twin flap pocket. It's made from soft but durable 100% cotton drill fabric and is very comfortable to wear at work,"Screen Print,Emboridery,Heat Transfer",UPF Rating: 50+. Protection Category: Excellent,"100% Cotton,190gsm","Collar (CM): XS- 37 , S- 38 , M- 40 , L- 42 , XL- 44 , XXL- 46 , 3XL- 48 , 5XL- 52",C04 NAVY.jpg,Navy Blue,"XS,S,M,L,XL,2XL,3XL,5XL,7XL",1,17,100,16.5,300,16,,https://bluewhale.com.au/shop/corporate-wear/work-shirt/c04/,C03,Clothing,"Unisex, Cotton, Spf 50, Pocket"
W61,light drill trousers,Pants,"Light weight cotton trousers, cargo trousers and cargo shorts are made from pre shrunk 190gsm cotton drill. They are excellent to wear under warm weather. The cargo trousers features reinforced knee patch and back heel patch. All feature enlarged mobile phone pocket. At many customers?? request the cargo shorts are 4cm shorter than our regular cargo shorts such as heavy weight cargo shorts W84 and painters cargo shorts W88.","Screen Print,Emboridery,Heat Transfer",,100% Cotton; 190gsm,"Chest (CM): 77R- 78 , 82R- 80 , 87R- 82 , 92R- 84 , 97R- 86 , 102R- 87 , 107R- 88 ,112R-89,77S- 72 , 82S- 74 , 87S- 76 , 92S- 78 , 97S- 80 , 102S- 80 , 107S- 82 ,112S-83","W61 Navy.jpg,W61 Navy Back.jpg",Navy,"77R,82R,87R,92R,97R,102R,107R,112R,77S,82S,87S,92S,102S,107S,112S",1,16,100,15.5,300,15,,https://bluewhale.com.au/shop/trousers/pants/w61/,"W63,W64",Clothing,"Mens, Cotton, Spf 50, Pocket"
W63,light drill cargo trousers,Pants,"Light weight cotton trousers, cargo trousers and cargo shorts are made from pre shrunk 190gsm cotton drill. They are excellent to wear under warm weather. The cargo trousers features reinforced knee patch and back heel patch. All feature enlarged mobile phone pocket. At many customers?? request the cargo shorts are 4cm shorter than our regular cargo shorts such as heavy weight cargo shorts W84 and painters cargo shorts W88.","Screen Print,Emboridery,Heat Transfer",,100% Cotton; 190gsm,"Chest (CM): 77R- 78 , 82R- 80 , 87R- 82 , 92R- 84 , 97R- 86 , 102R- 87 , 107R- 88 ,112R-89,77S- 72 , 82S- 74 , 87S- 76 , 92S- 78 , 97S- 80 , 102S- 80 , 107S- 82 ,112S-83","W63 Navy.jpg,W63 Navy Back.jpg",Navy,"77R,82R,87R,92R,97R,102R,107R,112R,77S,82S,87S,92S,102S,107S,112S",1,18,100,17.5,300,17,,https://bluewhale.com.au/shop/trousers/pants/w63/,"W61,W64",Clothing,"Mens, Cotton, Spf 50, Pocket"
W64,light drill cargo shots,Pants,"Light weight cotton trousers, cargo trousers and cargo shorts are made from pre shrunk 190gsm cotton drill. They are excellent to wear under warm weather. The cargo trousers features reinforced knee patch and back heel patch. All feature enlarged mobile phone pocket. At many customers?? request the cargo shorts are 4cm shorter than our regular cargo shorts such as heavy weight cargo shorts W84 and painters cargo shorts W88.","Screen Print,Emboridery,Heat Transfer",,100% Cotton; 190gsm,"Chest (CM): 77- 21 , 82- 21 , 87- 21 , 92- 21 , 97- 21 , 102- 21 , 107- 22 ,112-22","W64 NAVY BLUE.jpg,W64 NAVY BLUE Back.jpg",Navy,"77,82,87,92,97,102,107,112",1,15.5,100,15,300,14.5,,https://bluewhale.com.au/shop/trousers/pants/w64/,"W61,W63",Clothing,"Mens, Cotton, Spf 50, Pocket"
W81,Heavy Drill Trousers,Pants,"Heavy Drill Trousers are made from 310gsm all cotton drill, with double stitching on seams and pockets. It is designed for an easy fit for comfort, and is excellent to wear with Blue Whale's High Visibility safety gears or Blue Whale's wide range of shirts and polo shirts.","Screen Print,Emboridery,Heat Transfer",UPF Rating: 50+. Protection Category: Excellent,"100% Cotton,310gsm","Inner Leg (CM): #77R- 78 , #82R- 80 , 87R- 82 , #92R- 84 , #97R- 86 , #102R- 87 , #107R- 88 , #112R- 89 ,#77S- 72 ,#82S- 74 , #87S- 76 , #92S- 78 , #97S- 80 , #102S- 81 , #107S- 82 , #112S- 83, #117S- 84, #122S- 84","W81.jpg,W81 navy",Navy Blue,"77R,82R,87R,92R,97R,102R,107R,112R,87S,92S,97S,102S,107S,112S",1,17,100,16.5,300,16,,https://bluewhale.com.au/shop/trousers/pants/w81/,"W83,W85,W87,W93",Clothing,"Mens, Cotton, Spf 50, Pocket"
W82,Heavy Drill Shorts,Pants,"Heavy Drill Shorts are made from 310gsm all cotton drill, with double stitching on seams and pockets. It is designed for an easy fit for comfort, and is excellent to wear with Blue Whale's High Visibility safety gears or Blue Whale's wide range of shirts and polo shirts.","Screen Print,Emboridery,Heat Transfer",UPF Rating: 50+. Protection Category: Excellent,"100% Cotton,310gsm","Waist (CM): #77- 77 , #82- 82 , 87- 87 , #92- 92 , #97- 97 , #102- 102 , #107- 107 , #112- 112 ,",W82 N.jpg,Navy Blue,"77,82,87,92,97,102,107,112",1,15,100,14.5,300,14,,https://bluewhale.com.au/shop/trousers/shorts/w82/,"W84,W88",Clothing,"Mens, Cotton, Spf 50, Pocket"
W83,Heavy drill Cargo Pants,Pants,"Made from stong and durable heavy cotton drill, comfort fit, large flap pockets on both sides with hidden pockets underneath. Two back pockets. All these pockets are fitted with Velcro closures","Screen Print,Emboridery,Heat Transfer",UPF Rating: 50+. Protection Category: Excellent,"100% Cotton,310gsm","Inner Leg (CM): #77R- 77 , #82R- 79 , 87R- 82 , #92R- 84 , #97R- 86 , #102R- 87 , #107R- 88 , #112R- 89 ,#117R- 90 ,#122R- 90 ,#77S- 71, #82S- 73 , #87S- 76 , #92S- 78 , #97S- 80 , #102S- 81 , #107S- 82 , #112S- 83 , #117S- 84 , #122S- 84","W83 black.jpg,W83 KHAKI.jpg,W83 NAVY BLUE.jpg,W83 NAVY BLUE Back.jpg",Navy Blue,"77R,82R,87R,92R,97R,102R,107R,87S,92S,97S,102S,107S,112S,117S,122S",1,19.5,100,19,300,18.5,,https://bluewhale.com.au/shop/trousers/pants/w83/,"W81,W85,W87,W93",Clothing,"Mens, Cotton, Spf 50, Pocket"
W84,Heavy drill Cargo Shorts,Pants,"Made from stong and durable heavy cotton drill, comfort fit, large flap pockets on both sides with hidden pockets underneath. Two back pockets. All these pockets are fitted with Velcro closures","Screen Print,Emboridery,Heat Transfer",UPF Rating: 50+. Protection Category: Excellent,"100% Cotton,310gsm","Waist (CM): #77- 77 , #82- 82 , 87- 87 , #92- 92 , #97- 97 , #102- 102 , #107- 107 , #112- 112 , #117- 112 , #122- 112","W84 N.jpg,W84 NAVY BLUE Back.jpg,W84 BLACK.jpg,W84 khaki.jpg",Navy Blue,"77,82,87,92,97,102,107,112,117,122",1,17.5,100,17,300,16.5,,https://bluewhale.com.au/shop/trousers/shorts/w84/,"W82,W88",Clothing,"Mens, Cotton, Spf 50, Pocket"
W93,Cargo Trousers with Reflective Tape,Pants,"To complement the large range of day/night use hi vis tops, this cargo trousers with reflective tapes has been introduced. Double loops of tape on legs is followed the new Australian safety garment standard's guideline.","Screen Print,Emboridery,Heat Transfer",UPF Rating: 50+. Protection Category: Excellent,"100% Cotton,310gsm","Inner Leg (CM): #77R- 77 , #82R- 79 , 87R- 82 , #92R- 84 , #97R- 86 , #102R- 87 , #107R- 88 , #112S- 83 , #117S- 84","W93 N.jpg,W93 N BACK.jpg,W93 Navy side.jpg,W93 White.jpg",Navy Blue,"77R,82R,87R,92R,97R,102R,107R,112S,117S",1,22.5,100,22,300,21.5,,https://bluewhale.com.au/shop/trousers/pants/w93/,"W81,W83,W85,W87",Clothing,"Mens, Cotton, Spf 50, Pocket"
W87,Painters' Drill Trousers,Pants,"Designed especially with painters in mind, the heavy duty drill trousers is excellent for working indoors and outdoors. It has 8 carefully pockets that can surely fit for brushes and tools. Comfortable styling, long lasting thick fabric and UPF rating of 50+ protect you against UV radiation.","Screen Print,Emboridery,Heat Transfer",UPF Rating: 50+. Protection Category: Excellent,"100% Cotton,300gsm","Inner Leg (CM): #77R- 77 , #82R- 79 , 87R- 72 , #92R- 84 , #97R- 86 , #102R- 87 , #107R- 88 , #112R- 89","W87 white.jpg,W87 White-with knee pad.jpg,W87 White-back.jpg",White,"77R,82R,87R,92R,97R,102R,107R,112R",1,19.5,100,19,300,18.5,,https://bluewhale.com.au/shop/trousers/pants/w87/,"W81,W83,W85,W93",Clothing,"Mens, Cotton, Spf 50, Pocket"
W88,Painters' Drill Shorts,Pants,"Designed especially with painters in mind, the heavy duty drill short is excellent for working indoors and outdoors. It has 8 carefully pockets that can surely fit for brushes and tools. Comfortable styling, long lasting thick fabric and UPF rating of 50+ protect you against UV radiation.","Screen Print,Emboridery,Heat Transfer",UPF Rating: 50+. Protection Category: Excellent,"100% Cotton,300gsm","Waist (CM): #77- 77 , #82- 82 , 87- 87 , #92- 92 , #97- 97 , #102- 102 , #107- 107 , #112- 112 , #117- 112 , #122- 112",W88 white.jpg,White,"77R,82R,87R,92R,97R,102R,107R,112R",1,16.5,100,16,300,15.5,,https://bluewhale.com.au/shop/trousers/shorts/w88/,"W82,W84",Clothing,"Mens, Cotton, Spf 50, Pocket"
P01,"Premium Fine Pique Polo, Adults",Polo Shirts,"This is the classic best selling premium polo shirt, which stands out because of its higher grade 40s double poly cotton yarn which ensures that it will last long and is a comfortable wear. It comes in 11 colours!","Screen Print,Emboridery,Heat Transfer",,"65% polyester,35% cotton,230gsm","Chest (CM): XS- 49.5 , S- 52 , M- 55 , L- 58 , XL- 61 , XXL- 64 , 3XL- 67 ,4XL-70, 5XL- 73","P01 AM.jpg,P01 WHITE.jpg,P01 BLACK.jpg,P01 NAVY BLUE back.jpg,P01 RED.jpg,P01 ROYAL BLUE.jpg,P01 SKY BLUE.jpg,P02 BOTTLE GREEN.jpg,P02 GOLD.jpg,P01 MAROON.jpg,P01 SNOW MARLE.jpg,P01 ASH MARLE.jpg","White,Black,Navy Blue,Red,Royal Blue,Sky Blue,Snow Marle,Bottle Green,Gold,Maroon,Ash Marle","XS,S,M,L,XL,2XL,3XL,4XL,5XL",1,9.3,100,9,300,8.7,,https://bluewhale.com.au/shop/leisure-wear/polo-leisure/p01/,"P21,P25,P51",Clothing,"Mens, Poly Cotton, Sportswear"
P01K,"Premium Poly Cotton Fine Pique Polo, Children",Polo Shirts,"Our classic best seller premium polo shirt in children sizes! Also made from the higher grade 40s double poly cotton yarn, it is great for schools, sports and casual wear. Available in 8 colours.","Screen Print,Emboridery,Heat Transfer",,"65% polyester,35% cotton,230gsm","Chest (CM):#4- 35, #6- 37.5 , #8- 40 , #10- 42.5 , #12- 45 , #14- 47.5","P01K BT.jpg,P01 WHITE.jpg,P01 BLACK.jpg,P01 NAVY BLUE back.jpg,P01 RED.jpg,P01 ROYAL BLUE.jpg,P01 SKY BLUE.jpg,P02 BOTTLE GREEN.jpg,P02 GOLD.jpg,P01 MAROON.jpg","White,Black,Navy Blue,Red,Royal Blue,Sky Blue,Bottle Green,Gold,Maroon","4,6,8,10,12,14",1,7.4,100,7.1,300,6.8,,https://bluewhale.com.au/shop/leisure-wear/polo-leisure/p01k/,"P11K,P51K",Clothing,"Unisex, Poly Cotton, Children, Sportswear"
P03,"Premium Poly Cotton Fine Pique Polo, Ladies",Polo Shirts,"The classic best selling premium polo shirt, which stands out because of its higher grade 40s double poly cotton yarn which ensures that it will last long and is a comfortable wear. It comes in 11 colours!","Screen Print,Emboridery,Heat Transfer",,"65% polyester,35% cotton,230gsm","Chest (CM): #8- 46.5 , #10- 49 , #12- 51.5 , #14- 54 , #16- 56.5 , #18- 59","P03 B.jpg,P03 BLACK.jpg,P03 NAVY BLUE.jpg,P03 WHITE.jpg","White,Black,Navy Blue","8,10,12,14,16,18",1,8.3,100,8,300,7.7,,https://bluewhale.com.au/shop/leisure-wear/polo-leisure/p03/,"P23,P28,P56",Clothing,"Womens, Poly Cotton, Sportswear"
P07,Light Weight Cotton Pique Polo,Polo Shirts,Light weigh at 180 gsm and made from genuine combed cotton this polo shirt is very comfortable to wear in any season but particularly well in summer. Extra attention has been applied to the styling of this modern fit polo shirt.,"Screen Print,Emboridery,Heat Transfer",,"65% Polyester,35% Cotton; 230gsm","Chest (CM): XS- 47 , S- 50 , M- 53 , L- 56 , XL- 59 , XXL- 62 , 3XL- 65 ,5XL- 71","P07 Charcoal.jpg,P07 Black.jpg,P07 Navy.jpg,P07 White.jpg","White,Black,Charcoal Marle,Navy","XS,S,M,L,XL,2XL,3XL,5XL",1,9.3,100,9,300,8.7,,https://bluewhale.com.au/shop/leisure-wear/polo-leisure/p07/,P06,Clothing,"Mens, Cotton, Sportswear"
P06,Modern fit premium pique kint polo,Polo Shirts,This range of standard polo shirts is designed to complement our ever popular premium pique knit polo shirt range. This is a modern fitted style compared to the regular style of P01. The fabric used in this polo shirt range has gone back to more traditional diamond shape pique knit for the better feel and appearance of the fabric. More colours are expected to be added on soon. For matching ladies?? styles see item P03 or P23.,"Screen Print,Emboridery,Heat Transfer",,"65% Polyester,35% Cotton; 230gsm","Chest (CM): XS- 47 , S- 50 , M- 53 , L- 56 , XL- 59 , XXL- 62 , 3XL- 65 ,5XL- 71","P06 Black.jpg,P06 Navy.jpg,P06 White.jpg","White,Black,Navy","XS,S,M,L,XL,2XL,3XL,5XL",1,9.3,100,9,300,8.7,,https://bluewhale.com.au/shop/leisure-wear/polo-leisure/p06/,P07,Clothing,"Mens, Mens, Poly Cotton, Sportswear"
P23,Ladies Cotton Lycra Pique Polo,Polo Shirts,Lades Cotton Lycra Polo shirt is made from premium grade combed cotton with genuine Du Pont Lycra fibre that promises to keep your clothing in good shape. This mix of modern and classical styling is very suitable for both work and leisure.,"Screen Print,Emboridery,Heat Transfer",,"95% Cotton,5% Lycra,210gsm","Chest (CM): #6- 42 , #8- 44.5 , #10- 47 , #12- 49.5 , #14- 52 , #16- 54.5 , #18- 57","P23 Cal Blue.jpg,P23 CB.jpg,P23 CALIFORNIA BLUE.jpg,P23 NAVY BLUE.jpg,P23 PINK.jpg,P23 RED.jpg,P23 WHITE.jpg","White,Black,Navy Blue,California Blue","6,8,10,12,14,16,18",1,9.3,100,9,300,8.7,,https://bluewhale.com.au/shop/leisure-wear/polo-leisure/p23/,"P28,P56,P03",Clothing,"Womens, Cotton, Sportswear"
P11,"Premium Long Sleeve Pique Polo, Adults",Polo Shirts,Our classic premium quality fine pique knit polos with long sleeves brings you extra protection against UV exposure. Now available in six colours.,"Screen Print,Emboridery,Heat Transfer",,"65% polyester,35% cotton,230gsm","Chest (CM): XS- 49.5 , S- 52 , M- 55 , L- 58 , XL- 61 , XXL- 64 , 3XL- 67 , 5XL- 73","P11 W.jpg,P11 ASH MARLE.jpg,P11 BLACK.jpg,P11 GOLD.jpg,P11 NAVY BLUE.jpg,P11 SKY BLUE.jpg,P11 WHITE.jpg","White,Black,Navy Blue,Sky Blue,Gold,Ash Marle","XS,S,M,L,XL,2XL,3XL,5XL",1,11.1,100,10.8,300,10.5,,https://bluewhale.com.au/shop/leisure-wear/polo-leisure/p11/,"P21,P25,P01,P51",Clothing,"Unisex, Poly Cotton, Longsleeve, Sportswear"
P11K,"Long Sleeve Poly Cotton Pique Polo, Children",Polo Shirts,Our classic premium quality fine pique knit polos with long sleeves brings you extra protection against UV exposure. Now available in six colours.,"Screen Print,Emboridery,Heat Transfer",,"65% polyester,35% cotton,230gsm","Chest (CM): #6- 37.5 , #8- 40 , #10- 42.5 , #12- 45 , #14- 47.5","P11K S.jpg,P11 ASH MARLE.jpg,P11 BLACK.jpg,P11 GOLD.jpg,P11 NAVY BLUE.jpg,P11 SKY BLUE.jpg,P11 WHITE.jpg","White,Sky Blue,Gold","4,6,8,10,12,14",1,8.5,100,8.2,300,7.9,,https://bluewhale.com.au/shop/leisure-wear/polo-leisure/p11k/,"P01K,P51K",Clothing,"Unisex, Children, Longsleeve, Poly Cotton, Sportswear"
P02,"Premium Pre-shrunk Cotton Polo, short sleeve",Polo Shirts,"Premium Pre-Shrunk Cotton Polo uses the same material as our Blue Whale T-shirts and hence have the same excellent printing properties, minimum shrinkages and high UPF ratings. Comes in 9 colours.","Screen Print,Emboridery,Heat Transfer",,"100% Cotton,200gsm","Chest (CM): XS- 49.5 , S- 52 , M- 55 , L- 58 , XL- 61 , XXL- 64 , 3XL- 67 , 5XL- 73","P02.jpg,P02  NAVY BLUE.jpg,P02  RED.jpg,P02 BLACKE.jpg,P02 BOTTLE GREEN.jpg,P02 GOLD.jpg,P02 ROYAL BLUE.jpg,P02 SKY BLUE.jpg,P02 SNOW MARLE.jpg,P02 WHITE.jpg","White,Black,Navy Blue,Red,Royal Blue,Sky Blue,Snow Marle,Bottle Green,Gold","XS,S,M,L,XL,2XL,3XL,5XL",1,8.4,100,8.1,300,7.8,,https://bluewhale.com.au/shop/leisure-wear/polo-leisure/p02/,P12,Clothing,"Unisex, Cotton, Sportswear"
P12,Long Sleeve Pre-shrunk Cotton Polo,Polo Shirts,"Long Sleeve Premium Pre-Shrunk Cotton Polo uses the same material as our Blue Whale T-shirts and hence have the same excellent printing properties, minimum shrinkages and high UPF ratings. Comes in 4 colours!","Screen Print,Emboridery,Heat Transfer",,"100% Cotton,200gsm","Chest (CM): XS- 49.5 , S- 52 , M- 55 , L- 58 , XL- 61 , XXL- 64 , 3XL- 67","P12 W.jpg,P12 BLACK.jpg,P12 NAVY BLUE.jpg,P12 SNOW MARLE.jpg,P12 WHITE.jpg","White,Black,Navy Blue,Snow Marle","XS,S,M,L,XL,2XL,3XL",1,9.6,100,9.3,300,9,,https://bluewhale.com.au/shop/leisure-wear/polo-leisure/p12/,P02,Clothing,"Unisex, Longsleeve, Cotton, Sportswear"
P51,"Pique Polo with Striped Collar/Cuff, Adults",Polo Shirts,"This is a very popular polo style, made from a fine pique knit that gives better result than normal pique knit for embroidery and printing. Perfect for teams, clubs, schools, shops, workshops, and offices, etc. Comes in 12 colour ways.","Screen Print,Emboridery,Heat Transfer",,"65% polyester,35% cotton,220gsm","Chest (CM): XS- 49.5 , S- 52 , M- 55 , L- 58 , XL- 61 , XXL- 64 , 3XL- 67 , 5XL- 73","P51&P56.jpg,P51 ASH MARLE NAVY.jpg,P51 BLACK GOLD.jpg,P51 BLACK WHITE.jpg,P51 BOTTLE GREEN GOLD.jpg,P51 KHAKI NAVY BLUE.jpg,P51 MAROON WHITE.jpg,P51 NAVY BLUE GOLD.jpg,P51 NAVY BLUE WHITE.jpg,P51 RED WHITE.jpg,P51 ROYAL BLUE GOLD.jpg,P51 ROYAL BLUE WHITE.jpg,P51 WHITE NAVY BLUE.jpg","White/Nave Blue,Ash Marle/Navy Blue,Khaki/Navy Blue,Maroon/White,Red/White,Navy Blue/White,Royal Blue/White,Royal Blue/White,Black/White,Navy Blue/Gold,Bottle Green/Gold,Black/Gold,Royal Blue/Gold","XS,S,M,L,XL,2XL,3XL,5XL",1,9.9,100,9.6,300,9.3,,https://bluewhale.com.au/shop/leisure-wear/polo-leisure/p51/,"P21,P25,P01",Clothing,"Mens, Sportswear"
P51K,"Pique Polo with Striped Collar/Cuff, Children",Polo Shirts,The children's version of the very popular P51. Great for sport teams and school! Comes in 10 colour ways.,"Screen Print,Emboridery,Heat Transfer",,"65% polyester,35% cotton,220gsm","Chest (CM): #6- 37.5 , #8- 40 , #10- 42.5 , #12- 45 , #14- 47.5","P51K.jpg,P51 ASH MARLE NAVY.jpg,P51 BLACK GOLD.jpg,P51 BLACK WHITE.jpg,P51 BOTTLE GREEN GOLD.jpg,P51 KHAKI NAVY BLUE.jpg,P51 MAROON WHITE.jpg,P51 NAVY BLUE GOLD.jpg,P51 NAVY BLUE WHITE.jpg,P51 RED WHITE.jpg,P51 ROYAL BLUE GOLD.jpg,P51 ROYAL BLUE WHITE.jpg,P51 WHITE NAVY BLUE.jpg","White/Navy Blue,Maroon/White,Red/White,Navy Blue/White,Royal Blue/White,Black/White,Navy Blue/Gold,Bottle Green/Gold,Black/Gold,Royal Blue/Gold","6,8,10,12,14",1,8.9,100,8.6,300,8.3,,https://bluewhale.com.au/shop/leisure-wear/polo-leisure/p51k/,"P01K,P11K",Clothing,"Unisex, Children, Sportswear"
P56,"Pique Polo with Striped Collar/Cuff, Ladies",Polo Shirts,"The ladies' version of the very popular P51. Great for teams, clubs, shops, workshops, offices, etc. Comes in 10 colour ways.","Screen Print,Emboridery,Heat Transfer",,"65% polyester,35% cotton,220gsm","Chest (CM): #8- 46.5 , #10- 49 , #12- 51.5 , #14- 54 , #16- 56.5 , #18- 59","P51&P56.jpg,P56 Black-gold.jpg,P56 Black-white.jpg,P56 Bottle Green-Gold.jpg,P56 Maroon-White.jpg,P56 Navy-Gold.jpg,P56 Navy-White.jpg,P56 Red-White.jpg,P56 Royal Blue-Gold.jpg,P56 Royal-White.jpg,P56 White-Navy.jpg","White/Navy Blue,Maroon/White,Red/White,Navy Blue/White,Royal Blue/White,Black/White,Navy Blue/Gold,Bottle Green/Gold,Black/Gold,Royal Blue/Gold","8,10,12,14,16,18",1,9.4,100,9.1,300,8.8,,https://bluewhale.com.au/shop/leisure-wear/polo-leisure/p56/,"P21,P23,P03",Clothing,"Womens, Sportswear"
P42,"Cooldry Micro Mesh Polo, Adults",Polo Shirts,"Cooldry Micro Mesh Polo is a very popular cool dry polo shirt which is now upgraded to the newest moisture management fabric Coolfast that has a better performance rating and is 15% lighter than other brands under the same density and structure, resulting in a more comfortable and softer texture.","Screen Print,Emboridery,Heat Transfer",,"100% polyester coolfast fabric,165gsm","Chest (CM): XS- 49.5 , S- 52 , M- 55 , L- 58 , XL- 61 , XXL- 64 , 3XL- 67 , 5XL- 73","P42 SNW.jpg,P42 BEIGE NAVY WHITE.jpg,P42 BLACK WHITE SILVER.jpg,P42 NAVY WHITE SILVER.jpg,P42 SILVER NAVY WHITE.jpg,P42 SKY NAVY WHITE.jpg","Silver/Navy/White,Navy/White/Silver,White/Navy/Red,Black/White/Silver,Beige/Navy/White,Sky/Navy/White","XS,S,M,L,XL,2XL,3XL,5XL",1,9.9,100,9.4,300,8.9,,https://bluewhale.com.au/shop/leisure-wear/polo-leisure/p42/,"P43,P44,P45",Clothing,"Mens, Sportswear"
P47,"Cooldry Micro Mesh Polo, Ladies",Polo Shirts,"Cooldry Micro Mesh Polo is a very popular cool dry polo shirt which is now upgraded to the newest moisture management fabric Coolfast that has a better performance rating and is 15% lighter than other brands under the same density and structure, resulting in a more comfortable and softer texture.","Screen Print,Emboridery,Heat Transfer",,"100% polyester coolfast fabric,165gsm","Chest (CM): #8- 46.5 , #10- 49 , #12- 51.5 , #14- 54 , #16- 56.5 , #18- 59 , #20- 61.5","P47 NWSV.jpg,P47   WHITE NAVY RED .jpg,P47  BEIGE NAVY WHITE.jpg,P47  BLACK WHITE SILVER .jpg,P47  NAVY WHITE SILVER .jpg,P47  SKY NAVY WHITE.jpg,P47 SILVER NAVY WHITE.jpg","Silver/Navy/White,Navy/White/Silver,White/Navy/Red,Black/White/Silver,Beige/Navy/White,Sky/Navy/White","8,10,12,14,16,18,20",1,9.4,100,8.9,300,8.4,,https://bluewhale.com.au/shop/leisure-wear/polo-leisure/p47/,"P43,P44,P48",Clothing,"Womens, Sportswear"
P45,"Coolfast Mini-Waffle Polo, Adults",Polo Shirts,"This Mini-Waffle knit polo shirt is made from 100% genuine yarn treated moisture management fibres, one of the best from Coolfast, a leading hi-tech sports textile brand in the world whose major clients include Nike and Adidas. The thoughtful design of contrast panels across the sides and a find panel on top of shoulder gives the polo shirt great sporty look. The softness of texture combined with its modern fit brings you the extra comfort and confidence that you need while playing the sports or enjoying your weekend with friends. For either performance or style this polo shirt is surely your first choice for your next upgrading of sports polos.","Screen Print,Emboridery,Heat Transfer",,"100% polyester coolfast fabric,160 gsm","Chest (CM): XS- 49.5 , S- 52 , M- 55 , L- 58 , XL- 61 , XXL- 64 , 3XL- 67 , 5XL- 73","P45&P48.jpg,P45&P45K&P48.jpg,2P45&P45K&P48.jpg,P45 BLACK ORANGE.jpg,P45 BLACK WHITE.jpg,P45 GOLD BOTTLE.jpg,P45 GRAY BLACK .jpg,P45 MAROON WHITE.jpg,P45 NAVY GOLD.jpg,P45 NAVY RED.jpg,P45 NAVY WHITE.jpg,P45 PURPLE WHITE.jpg,P45 RED WHITE.jpg,P45 ROYAL GOLD.jpg,P45 ROYAL WHITE.jpg,P45 SKY NAVY.jpg,P45 WHITE NAVY .jpg,P88 FLUORO ORANGE NAVY BLUE..jpg,P88 FLUORO YELLOW NAVY BLUE.jpg","white/navy,sky/navy,grey/black,black/orange,black/white,navy/red,navy/white,pruple/white,red/white,maroon/white,royal/white,gold/bottle,royal/gold,navy/gold,fluoro orange/navy,fluoro yellow/navy","XS,S,M,L,XL,2XL,3XL,5XL",1,10.9,100,10.4,300,9.9,,https://bluewhale.com.au/shop/leisure-wear/polo-leisure/p45/,"P42,P43,P44",Clothing,"Mens, Sportswear"
P45k,"Coolfast Mini-Waffle Polo, Children",Polo Shirts,"This Mini-Waffle knit polo shirt is made from 100% genuine yarn treated moisture management fibres, one of the best from Coolfast, a leading hi-tech sports textile brand in the world whose major clients include Nike and Adidas. The thoughtful design of contrast panels across the sides and a find panel on top of shoulder gives the polo shirt great sporty look. The softness of texture combined with its modern fit brings you the extra comfort and confidence that you need while playing the sports or enjoying your weekend with friends. For either performance or style this polo shirt is surely your first choice for your next upgrading of sports polos.","Screen Print,Emboridery,Heat Transfer",,"100% polyester coolfast fabric,160 gsm","Chest (CM): #6- 37.5 , #8- 40 , #10- 42.5 , #12- 45 , #14- 47.5","P45K.jpg,P45&P45K&P48.jpg,2P45&P45K&P48.jpg,P45 BLACK ORANGE.jpg,P45 BLACK WHITE.jpg,P45 GOLD BOTTLE.jpg,P45 GRAY BLACK .jpg,P45 MAROON WHITE.jpg,P45 NAVY GOLD.jpg,P45 NAVY RED.jpg,P45 NAVY WHITE.jpg,P45 PURPLE WHITE.jpg,P45 RED WHITE.jpg,P45 ROYAL GOLD.jpg,P45 ROYAL WHITE.jpg,P45 SKY NAVY.jpg,P45 WHITE NAVY .jpg,P88 FLUORO ORANGE NAVY BLUE..jpg,P88 FLUORO YELLOW NAVY BLUE.jpg","white/navy,sky/navy,grey/black,black/orange,black/white,navy/red,navy/white,pruple/white,red/white,maroon/white,royal/white,gold/bottle,royal/gold,navy/gold,fluoro orange/navy,fluoro yellow/navy","6,8,10,12,14",1,9.9,100,9.4,300,8.9,,https://bluewhale.com.au/shop/leisure-wear/polo-leisure/p45k/,"P43K,P44K",Clothing,"Unisex, Children, Sportswear"
P48,"Coolfast Mini-Waffle Polo, Ladies",Polo Shirts,"This Mini-Waffle knit polo shirt is made from 100% genuine yarn treated moisture management fibres, one of the best from Coolfast, a leading hi-tech sports textile brand in the world whose major clients include Nike and Adidas. The thoughtful design of contrast panels across the sides and a find panel on top of shoulder gives the polo shirt great sporty look. The softness of texture combined with its modern fit brings you the extra comfort and confidence that you need while playing the sports or enjoying your weekend with friends. For either performance or style this polo shirt is surely your first choice for your next upgrading of sports polos.","Screen Print,Emboridery,Heat Transfer",,"100% polyester coolfast fabric,160 gsm","Chest (CM): #8- 46.5 , #10- 49 , #12- 51.5 , #14- 54 , #16- 56.5 , #18- 59","P48 PW.jpg,P45&P45K&P48.jpg,2P45&P45K&P48.jpg,P48 BLACK ORANGE.jpg,P48 BLACK WHITE. BK.jpg,P48 GOLD BOTTLE.jpg,P48 GRAY BLACK.jpg,P48 HOT PINK WHITE.jpg,P48 MAROON WHITE.jpg,P48 NAVY GOLD.jpg,P48 NAVY WHITE.jpg,P48 PURPLE WHITE.jpg,P48 RED WHITE.jpg,P48 ROYAL GOLD.jpg,P48 ROYAL WHITE.jpg,P48 SKY NAVY.jpg,P48 WHITE NAVY.jpg,P89 FON.jpg,P89 FLUORO YELLOW NAVY BLUE.jpg","white/navy,sky/navy,grey/black,black/orange,black/white,navy/red,navy/white,pruple/white,red/white,maroon/white,royal/white,gold/bottle,royal/gold,navy/gold,fluoro orange/navy,fluoro yellow/navy,hot pink/white","8,10,12,14,16,18",1,10.4,100,9.9,300,9.4,,https://bluewhale.com.au/shop/leisure-wear/polo-leisure/p48/,"P47,P43,P44",Clothing,"Womens, Sportswear"
T41,light weight cooldry T-shirts,T Shirts,"This range of basic cooldry polyester T-shirts is made from light and tightly knitted needle eye micro mesh fabric. It features the highest UPF rating of 50+ on all colours. It's ideal for use as training T-shirts for schools, clubs and sports teams. The light weight and moisture wicking fabric makes you feel extra comfortable while playing sports or doing any leisure activities in those hot days.","Screen Print,Emboridery,Heat Transfer",,100% Cooldry Polyester ; 140gsm,"Chest (CM):  S- 50 , M- 53 , L- 56 , XL- 59 , XXL- 62 , 3XL- 65, 5XL- 71","T41 B.jpg,T41&T41K&T43 2.jpg,T41&T41K&T43.jpg,T41 Bottle Green.jpg,T41 Gold.jpg,T41 Navy.jpg,T41 Red-01.jpg,T41 Royal Blue.jpg,T41 White.jpg","White,Black,Navy,Red,Rayal Blue,Bottle Green,Gold","S,M,L,XL,2XL,3XL,5XL",1,4.6,100,4.4,300,4.2,,https://bluewhale.com.au/shop/leisure-wear/t-shirt-leisure/t41/,"T41K,T43",Clothing,"Sportswear, Mens"
T41K,"light weight cooldry T- shirts ,kids",T Shirts,"This range of basic cooldry polyester T-shirts is made from light and tightly knitted needle eye micro mesh fabric. It features the highest UPF rating of 50+ on all colours. It's ideal for use as training T-shirts for schools, clubs and sports teams. The light weight and moisture wicking fabric makes you feel extra comfortable while playing sports or doing any leisure activities in those hot days.","Screen Print,Emboridery,Heat Transfer",,100% Cooldry Polyester ; 140gsm,"Chest (CM): #6- 37.5 ,#8-40 , #10- 42.5 , #12- 45 , #14- 47.5","T41K RL.jpg,T41&T41K&T43 2.jpg,T41&T41K&T43.jpg,T41 Bottle Green.jpg,T41 Gold.jpg,T41 Navy.jpg,T41 Red-01.jpg,T41 Black.jpg,T41 White.jpg","White,Black,Navy,Red,Rayal Blue,Bottle Green,Gold","6,8,10,12,14",1,3.9,100,3.7,300,3.5,,https://bluewhale.com.au/shop/leisure-wear/t-shirt-leisure/t41K/,"T41,T43",Clothing,"Sportswear, Children"
T43,"light weight cooldry T -shirt, ladies",T Shirts,"This range of basic cooldry polyester T-shirts is made from light and tightly knitted needle eye micro mesh fabric. It features the highest UPF rating of 50+ on all colours. It's ideal for use as training T-shirts for schools, clubs and sports teams. The light weight and moisture wicking fabric makes you feel extra comfortable while playing sports or doing any leisure activities in those hot days.","Screen Print,Emboridery,Heat Transfer",,100% Cooldry Polyester ; 140gsm,"Chest (CM): #8- 62 ,#10- 64 , #12- 66 , #14- 68 , #16- 70 , #18- 72","T43 W.jpg,T41&T41K&T43 2.jpg,T41&T41K&T43.jpg,T41 Bottle Green.jpg,T41 Gold.jpg,T41 Navy.jpg,T41 Red-01.jpg,T41 Royal Blue.jpg,T41 Black.jpg","White,Black,Navy,Red,Rayal Blue,Bottle Green,Gold","8,10,12,14,16,18",1,4.6,100,4.4,300,4.2,,https://bluewhale.com.au/shop/leisure-wear/t-shirt-leisure/t43/,"T41,T41K",Clothing,"Sportswear, Womens"
T04,"Premium Pre-shrunk Cotton T-shirt, Adults (White)",T Shirts,"Premium Pre-Shrunk T-shirt continues to be our best seller and is loved by our customers! To ensure the excellent quality of our premium T-shirts, and to make sure it maintains shape wash after wash, we use premium air jet spun cotton knitted by advanced large scale knitting machine and processed by a pre-shrunk procedure, which have better shrinkage and little twist after wash. It has high UPF ratings which complies with AS/NZS 4399:1996.","Screen Print,Emboridery,Heat Transfer",,"100% Cotton,200gsm","Chest (CM): XS- 49.5 , S- 52 , M- 55 , L- 58 , XL- 61 , XXL- 64 , 3XL- 67 , 5XL- 73","T04.jpg,T04 WHITE.jpg",White,"XS,S,M,L,XL,2XL,3XL,5XL",1,5.3,100,5.1,300,4.9,,https://bluewhale.com.au/shop/leisure-wear/t-shirt-leisure/t04/,"T04,T03,T05",Clothing,"Unisex, Mens, Sportswear, Womens, Cotton"
T04,"Premium Pre-shrunk Cotton T-shirt, Adults (31 Colours)",T Shirts,"Premium Pre-Shrunk T-shirt continues to be our best seller and is loved by our customers! To ensure the excellent quality of our premium T-shirts, and to make sure it maintains shape wash after wash, we use premium air jet spun cotton knitted by advanced large scale knitting machine and processed by a pre-shrunk procedure, which have better shrinkage and little twist after wash. It has high UPF ratings which complies with AS/NZS 4399:1996.","Screen Print,Emboridery,Heat Transfer",,"100% Cotton,200gsm","Chest (CM): XS- 49.5 , S- 52 , M- 55 , L- 58 , XL- 61 , XXL- 64 , 3XL- 67 , 5XL- 73","T04.jpg,T04 AQUA .jpg,T04 ARMY GREEN .jpg,T04 ASH MARL.jpg,T04 BEIGE.jpg,T04 BLACK.jpg,T04 BOTTLE GREEN.jpg,T04 BROWN.jpg,T04 CHAROAL.jpg,T04 EMRALD.jpg,T04 GOLD.jpg,T04 HOT PINK.jpg,T04 JADE GREEN.jpg,T04 KHAKI .jpg,T04 LIGHT MUSTARD.jpg,T04 LILAC.jpg,T04 LIME.jpg,T04 MAR00N.jpg,T04 NAVY BLUE.jpg,T04 NUTRAL.jpg,T04 ORANG.jpg,T04 PINK.jpg,T04 PURPLE.jpg,T04 RED.jpg,T04 ROYAL BLUE.jpg,T04 SILVER GRAY.jpg,T04 SKY BLUE.jpg,T04 SNOW MARL.jpg,T04 TEAL.jpg,T04 TERRACOTTA.jpg,T04 YELLOW.jpg,T04-Stone.jpg","Black,Navy Blue,Red,Royal Blue,Sky Blue,Snow marle,Bottle Green,Gold,Maroon,Ash Marle,Yellow,Orange,jade green,Purple,lime,Hot pink,Nature,Khaki,Army Green,Aqua,Brown,Charcoal,Teal,Sliver Grey,Light Mustard,Beige,stone,Terracotta,Pink,Lilac,Emerald","XS,S,M,L,XL,2XL,3XL,5XL",1,5.7,100,5.5,300,5.3,,https://bluewhale.com.au/shop/leisure-wear/t-shirt-leisure/t04/,"T04,T03,T05",Clothing,"Unisex, Mens, Sportswear, Womens, Cotton"
T04K,"Premium Pre-shrunk Cotton T-shirt, Children/Infants (White)",T Shirts,"Our Children version of our best selling premium pre-shrunk cotton T-shirt! Stays in shape after wash, has less than 3% shrinkage, and has hardly any twist after washing. Comes in 20 colours from size 00-14!","Screen Print,Emboridery,Heat Transfer",,"100% Cotton,200gsm","Chest (CM):#00- 26, #0- 28 ,#1- 30,#2- 32.5 , #4- 35 , #6- 37.5 , #8- 40 , #10- 42.5 , #12- 45 , #14- 47.5","T04 K.jpg,T04 WHITE.jpg",White,"00,0,1,2,4,6,8,10,12,14",1,4.1,100,3.9,300,3.7,,https://bluewhale.com.au/shop/leisure-wear/t-shirt-leisure/t04k/,T14K,Clothing,"Unisex, Children, Sportswear, Cotton"
T04K,"Premium Pre-shrunk Cotton T-shirt, Children/Infants (19 Colours)",T Shirts,"Our Children version of our best selling premium pre-shrunk cotton T-shirt! Stays in shape after wash, has less than 3% shrinkage, and has hardly any twist after washing. Comes in 20 colours from size 00-14!","Screen Print,Emboridery,Heat Transfer",,"100% Cotton,200gsm","Chest (CM): #00- 26, #0- 28 ,#1- 30, #2- 32.5 , #4- 35 , #6- 37.5 , #8- 40 , #10- 42.5 , #12- 45 , #14- 47.5","T04 K.jpg,T04 AQUA .jpg,T04 ASH MARL.jpg,T04 BLACK.jpg,T04 BOTTLE GREEN.jpg,T04 EMRALD.jpg,T04 GOLD.jpg,T04 HOT PINK.jpg,T04 JADE GREEN.jpg,T04 LIME.jpg,T04 MAR00N.jpg,T04 NAVY BLUE.jpg,T04 ORANG.jpg,T04 PINK.jpg,T04 PURPLE.jpg,T04 RED.jpg,T04 ROYAL BLUE.jpg,T04 SKY BLUE.jpg,T04 SNOW MARL.jpg,T04 YELLOW.jpg","Black,Navy Blue,Red,Royal Blue,Sky Blue,Snow marle,Bottle Green,Gold,maroon,Ash Marle,Yellow,Orange,jade green,Purple,lime,Hot pink,Aqua,Pink,Emerald","00,0,1,2,4,6,8,10,12,14",1,4.4,100,4.2,300,4,,https://bluewhale.com.au/shop/leisure-wear/t-shirt-leisure/t04k/,T14K,Clothing,"Unisex, Children, Sportswear, Cotton"
T05,"Ladies Slim Fit Cotton T-shirt, Ladies (White)",T Shirts,Ladies Slim Fit Cotton T-shirt is made from 190gsm pre-shrunk cotton and slim cut fitted with a fashionable thin spandex rib to give more body shape when worn by women.,"Screen Print,Emboridery,Heat Transfer",,"100% Cotton,190gsm","Chest (CM): #6- 41 , #8- 44 , #10- 46.5 , #12- 49 , #14- 51.5 , #16- 54 , #18- 57",T05 WHITE.jpg,White,"6,8,10,12,14,16,18",1,5.1,100,4.9,300,4.7,,https://bluewhale.com.au/shop/leisure-wear/t-shirt-leisure/t05/,"T04,T03",Clothing,"Unisex, Mens, Sportswear, Womens, Cotton"
T05,"Ladies Slim Fit Cotton T-shirt, Ladies(3 Colours)",T Shirts,Ladies Slim Fit Cotton T-shirt is made from 190gsm pre-shrunk cotton and slim cut fitted with a fashionable thin spandex rib to give more body shape when worn by women.,"Screen Print,Emboridery,Heat Transfer",,"100% Cotton,190gsm","Chest (CM): #6- 41 , #8- 44 , #10- 46.5 , #12- 49 , #14- 51.5 , #16- 54 , #18- 57","T05 N.jpg,T05 BLACK.jpg,T05 RENAVY BLUE.jpg,T05 RED.jpg","Black,Navy Blue,Red","6,8,10,12,14,16,18",1,5.5,100,5.3,300,5.1,,https://bluewhale.com.au/shop/leisure-wear/t-shirt-leisure/t05/,"T04,T03",Clothing,"Unisex, Mens, Sportswear, Womens, Cotton"
T14,"Long Sleeve Pre-shrunk cotton T-shirt, Adults (White)",T Shirts,"Premium Long Sleeve Cotton T-shirt is a great basic item, which is made from the premium air jet spun pre-shrunk cotton, as our premium Pre-Shrunk T-shirts (T04). It also has excellent UPF ratings, which makes it idea for better and safer playing or working in the sun. Spandex rib and cuffs.","Screen Print,Emboridery,Heat Transfer",,"100% Cotton,200gsm","Chest (CM): XS- 49.5 , S- 52 , M- 55 , L- 58 , XL- 61 , XXL- 64 , 3XL- 67",T14 WHITE.jpg,White,"XS,S,M,L,XL,2XL,3XL",1,7.3,100,7.1,300,6.9,,https://bluewhale.com.au/shop/leisure-wear/t-shirt-leisure/t14/,T14K,Clothing,"Unisex, Mens, Sportswear, Womens, Cotton, Longsleeve"
T14,"Long Sleeve Pre-shrunk cotton T-shirt, Adults (7 Colours)",T Shirts,"Premium Long Sleeve Cotton T-shirt is a great basic item, which is made from the premium air jet spun pre-shrunk cotton, as our premium Pre-Shrunk T-shirts (T04). It also has excellent UPF ratings, which makes it idea for better and safer playing or working in the sun. Spandex rib and cuffs.","Screen Print,Emboridery,Heat Transfer",,"100% Cotton,200gsm","Chest (CM): XS- 49.5 , S- 52 , M- 55 , L- 58 , XL- 61 , XXL- 64 , 3XL- 67","T14 RL.jpg,T14 BLACK.jpg,T14 GOLD.jpg,T14 NAVY BLUE.jpg,T14 RED.jpg,T14 ROYAL BLUE.jpg,T14 SKY BLUE.jpg,T14 SNOW MARLE.jpg","Black,Navy Blue,Red,Royal Blue,Sky Blue,Snow marle,Gold","XS,S,M,L,XL,2XL,3XL",1,7.7,100,7.5,300,7.3,,https://bluewhale.com.au/shop/leisure-wear/t-shirt-leisure/t14/,T14K,Clothing,"Unisex, Mens, Sportswear, Womens, Cotton, Longsleeve"
T14K,"Long Sleeve Pre-shrunk Cotton T, Children (White)",T Shirts,"Premium Long Sleeve Cotton T-shirt in children sizes is a great basic item in children version, which is made from the same premium air jet spun pre-shrunk cotton, as our premium Pre-Shrunk T-shirts (T04), and also has excellent UPF ratings. Great anywhere. Comes in 8 colours!","Screen Print,Emboridery,Heat Transfer",,"100% Cotton,200gsm","Chest (CM): #2- 32.5 , #4- 35 , #6- 37.5 , #8- 40 , #10- 42.5 , #12- 45 , #14- 47.5",T14 WHITE.jpg,White,"2,4,6,8,10,12,14",1,5.2,100,5,300,4.8,,https://bluewhale.com.au/shop/leisure-wear/t-shirt-leisure/t14K/,T04K,Clothing,"Unisex, Children, Sportswear, Cotton, Longsleeve"
T14K,"Long Sleeve Pre-shrunk Cotton T, Children(7 Colours)",T Shirts,"Premium Long Sleeve Cotton T-shirt in children sizes is a great basic item in children version, which is made from the same premium air jet spun pre-shrunk cotton, as our premium Pre-Shrunk T-shirts (T04), and also has excellent UPF ratings. Great anywhere. Comes in 8 colours!","Screen Print,Emboridery,Heat Transfer",,"100% Cotton,200gsm","Chest (CM): #2- 32.5 , #4- 35 , #6- 37.5 , #8- 40 , #10- 42.5 , #12- 45 , #14- 47.5","T14K R.jpg,T14 BLACK.jpg,T14 GOLD.jpg,T14 NAVY BLUE.jpg,T14 RED.jpg,T14 ROYAL BLUE.jpg,T14 SKY BLUE.jpg,T14 SNOW MARLE.jpg","Black,Navy Blue,Red,Royal Blue,Sky Blue,Snow marle,Gold","2,4,6,8,10,12,14",1,5.6,100,5.4,300,5.2,,https://bluewhale.com.au/shop/leisure-wear/t-shirt-leisure/t14K/,T04K,Clothing,"Unisex, Children, Sportswear, Cotton, Longsleeve"
T06,Eurostyle Soft-feel Slim Fit T-shirt (White),T Shirts,"Made from pre shrunk fully combed 26s ring spun cotton yarn, at a weight of 165 gsm, this T-shirt has offered perfect combination of comfort and styling. It's soft but it holds its shape. It is styled in modern Euro fit with a narrow 1.8cm rib neck and mini double stitched cuffs and bottom hem. It has been cut with side seams for accurate sizing and fitting.","Screen Print,Emboridery,Heat Transfer",,"100% Ring Spun Combed Cotton,165 gsm","Chest (CM): XS- 47 , S- 50 , M- 53 , L- 56 , XL- 59 , XXL- 62 , 3XL- 65 , 3XL- 71",T06 W.jpg,White,"XS,S,M,L,XL,2XL,3XL,5XL",1,5.6,100,5.4,300,5.2,,https://bluewhale.com.au/shop/leisure-wear/t-shirt-leisure/t06/,"T07,T08",Clothing,"Unisex, Mens, Sportswear, Womens, Cotton"
T06,Eurostyle Soft-feel Slim Fit T-shirt (9 Colours),T Shirts,"Made from pre shrunk fully combed 26s ring spun cotton yarn, at a weight of 165 gsm, this T-shirt has offered perfect combination of comfort and styling. It's soft but it holds its shape. It is styled in modern Euro fit with a narrow 1.8cm rib neck and mini double stitched cuffs and bottom hem. It has been cut with side seams for accurate sizing and fitting.","Screen Print,Emboridery,Heat Transfer",,"100% Ring Spun Combed Cotton,165 gsm","Chest (CM): XS- 47 , S- 50 , M- 53 , L- 56 , XL- 59 , XXL- 62 , 3XL- 65 , 3XL- 71","T06 C.jpg,T06 APPLE GREEN.jpg,T06 ASH MARLE.jpg,T06 BLACK.jpg,T06 CHARCOAL.jpg,T06 CHESTNUT.jpg,T06 KHAKI.jpg,T06 LIGHT BLUE.jpg,T06 NAVY BLUE.jpg,T06 RED.jpg","Black,Navy Blue,Red,Ash Marle,Khaki,Charcoal,Apple Green,Light blue,Chestnut,Ash Marle","XS,S,M,L,XL,2XL,3XL,5XL",1,6,100,5.8,300,5.6,,https://bluewhale.com.au/shop/leisure-wear/t-shirt-leisure/t06/,"T07,T08",Clothing,"Unisex, Mens, Sportswear, Womens, Cotton"
T07,Ladies Eurostyle Soft-feel Slim Fit T-shirt (White),T Shirts,This is a ladies vesion to compliment the men's Eurostyle Soft-Feel Slim fit T-shirt. Made from pre-shrunk fully combed 26s ring spun cotton yarn. has offered perfect combination of comfort and styling. It's soft but it holds its shape with 1.5cm wide neck-rib and mini double stitched cuffs and hem.,"Screen Print,Emboridery,Heat Transfer",,"100% Ring Spun Combed Cotton,165 gsm","Chest (CM): #8- 44 , #10- 46.5 , #12- 49 , #14- 51.5 , #16- 54 , #18- 57",T07.jpg,White,"8,10,12,14,16,18",1,5.2,100,5,300,4.8,,https://bluewhale.com.au/shop/leisure-wear/t-shirt-leisure/t07/,"T06,T08",Clothing,"Womens, Cotton, Sportswear"
T07,"Ladies Eurostyle Soft-feel Slim Fit T-shirt (Black, Navy)",T Shirts,This is a ladies vesion to compliment the men's Eurostyle Soft-Feel Slim fit T-shirt. Made from pre-shrunk fully combed 26s ring spun cotton yarn. has offered perfect combination of comfort and styling. It's soft but it holds its shape with 1.5cm wide neck-rib and mini double stitched cuffs and hem.,"Screen Print,Emboridery,Heat Transfer",,"100% Ring Spun Combed Cotton,165 gsm","Chest (CM): #8- 44 , #10- 46.5 , #12- 49 , #14- 51.5 , #16- 54 , #18- 57","T07 B.jpg,T07 NAVY BLUE.jpg,T07 BLACK.jpg","Black,Navy Blue","8,10,12,14,16,18",1,5.6,100,5.4,300,5.2,,https://bluewhale.com.au/shop/leisure-wear/t-shirt-leisure/t07/,"T06,T08",Clothing,"Womens, Cotton, Sportswear"
T08,V-Neck Soft-Feel Slim Fit T-shirt (White),T Shirts,This is made from 26s ring spun cotton yarn offers perfect combination of comfort and styling. Soft but holds in shape with 1.8cm side neck-rib and mini double stitched cuffs and hem.,"Screen Print,Emboridery,Heat Transfer",,"100% Ring Spun Combed Cotton,165 gsm","Chest (CM): XS- 47 , S- 50 , M- 53 , L- 56 , XL- 59 , XXL- 62 , 3XL- 65 , 3XL- 71",T08 WHITE.jpg,White,"XS,S,M,L,XL,2XL,3XL,5XL",1,5.6,100,5.4,300,5.2,,https://bluewhale.com.au/shop/leisure-wear/t-shirt-leisure/t08/,"T06,T07",Clothing,"Mens, Cotton, Sportswear"
T08,"V-Neck Soft-Feel Slim Fit T-shirt (Black, Navy)",T Shirts,This is made from 26s ring spun cotton yarn offers perfect combination of comfort and styling. Soft but holds in shape with 1.8cm side neck-rib and mini double stitched cuffs and hem.,"Screen Print,Emboridery,Heat Transfer",,"100% Ring Spun Combed Cotton,165 gsm","Chest (CM): XS- 47 , S- 50 , M- 53 , L- 56 , XL- 59 , XXL- 62 , 3XL- 65 , 3XL- 71","T08 B.jpg,T08 NAVY BLUE.jpg,T08 BLACK.jpg","Black,Navy Blue","XS,S,M,L,XL,2XL,3XL,5XL",1,6,100,5.8,300,5.6,,https://bluewhale.com.au/shop/leisure-wear/t-shirt-leisure/t08/,"T06,T07",Clothing,"Mens, Cotton, Sportswear"
T03,Promo Cotton T-shirt (White),T Shirts,Promo Cotton T-shirts are especially designed for large-scale promotional projects. It is made from 185gsm air jet spun cotton and cut tubular body without side seams. It has minimum shrinkage and prints well!,"Screen Print,Emboridery,Heat Transfer",,"100% Cotton,185 gsm","Chest (CM): XS- 49 , S- 52 , M- 55 , L- 58 , XL- 61 , XXL- 64 , 3XL- 67",T03 WHITE.jpg,White,"XS,S,M,L,XL,2XL,3XL",1,4.7,100,4.5,300,4.3,,https://bluewhale.com.au/shop/leisure-wear/t-shirt-leisure/t03/,"T04,T03,T05",Clothing,"Unisex, Mens, Sportswear, Womens, Cotton"
T03,Promo Cotton T-shirt (11 Colours),T Shirts,Promo Cotton T-shirts are especially designed for large-scale promotional projects. It is made from 185gsm air jet spun cotton and cut tubular body without side seams. It has minimum shrinkage and prints well!,"Screen Print,Emboridery,Heat Transfer",,"100% Cotton,185 gsm","Chest (CM): XS- 49 , S- 52 , M- 55 , L- 58 , XL- 61 , XXL- 64 , 3XL- 67","T03 R.jpg,T03 AQUA.jpg,T03 BLACK.jpg,T03 BOTTLE GREEN.jpg,T03 EMERALD.jpg,T03 NAVY BLUE.jpg,T03 RED.jpg,T03 ORANGE.jpg,T03 ROYAL BLUE.jpg,T03 SNOW MARL.jpg,T03 YELLOW.jpg","Black,Navy Blue,Red,Royal Blue,Snow marle,Bottle Green,Yellow,Orange,Aqua,Emerald","XS,S,M,L,XL,2XL,3XL",1,5.1,100,4.9,300,4.7,,https://bluewhale.com.au/shop/leisure-wear/t-shirt-leisure/t03/,"T04,T03,T05",Clothing,"Unisex, Mens, Sportswear, Womens, Cotton"
S04,Premium Pre-shrunk Cotton Singlet (White),Singlets,"Premium Pre-shrunk Cotton Singlet is made from premium pre-shrunk cotton, this great basketball style singlet is perfect for playing sport or working during hot days.","Screen Print,Emboridery,Heat Transfer",,"100% Cotton,200gsm","Chest (CM): XS- 49.5 , S- 52 , M- 55 , L- 58 , XL- 61 , XXL- 64 , 3XL- 67 , 5XL- 73",S04 WHITE.jpg,White,"XS,S,M,L,XL,2XL,3XL,5XL",1,4.9,100,4.7,300,4.5,,https://bluewhale.com.au/shop/leisure-wear/singlet-leisure/s04/,,Clothing,"Unisex, Mens, Sportswear, Womens, Cotton"
S04,Premium Pre-shrunk Cotton Singlet (7 Colours),Singlets,"Premium Pre-shrunk Cotton Singlet is made from premium pre-shrunk cotton, this great basketball style singlet is perfect for playing sport or working during hot days.","Screen Print,Emboridery,Heat Transfer",,"100% Cotton,200gsm","Chest (CM): XS- 49.5 , S- 52 , M- 55 , L- 58 , XL- 61 , XXL- 64 , 3XL- 67 , 5XL- 73","S04 RL.jpg,S04 BLACK.jpg,S04 BOTTLE GREEN.jpg,S04 GOLD.jpg,S04 NAVY BLUE.jpg,S04 RED.jpg,S04 ROYAL BLUE.jpg,S04 SNOW MARLE.jpg","Black,Navy Blue,Red,Royal Blue,Bottom Green,Snow marle,Gold","XS,S,M,L,XL,2XL,3XL,5XL",1,5.3,100,5.1,300,4.9,,https://bluewhale.com.au/shop/leisure-wear/singlet-leisure/s04/,,Clothing,"Unisex, Mens, Sportswear, Womens, Cotton"
T24,Ladies Round Neck Cotton Lycra T-Shirt,T Shirts,"Ladies round neck cotton Lycra T-shirt is made from top grade combed cotton with genuine Du Pont Lycra fibre that promises to keep your clothing in excellent shape. It is perfect for shops, restaurants, offices etc.","Screen Print,Emboridery,Heat Transfer",,"95% Cotton,5% Lycra; 200gsm.","Chest (CM): #6- 40 , #8- 43 , #10- 45.5 , #12- 48 , #14- 50.5 , #16- 53 , #18- 55.5 , #20- 58","T24 B.jpg,T24 BLACK.jpg,T24 WHITE.jpg","White,Black","6,8,10,12,14,16,18,20",1,6.9,100,6.7,300,6.7,,https://bluewhale.com.au/shop/leisure-wear/t-shirt-leisure/t24/,T25,Clothing,"Womens, Cotton, Sportswear"
T25,Ladies V-neck Cotton Lycra T-shirt,T Shirts,"Ladies V-neck cotton Lycra T-shirt is made from top grade combed cotton with genuine Du Pont Lycra fibre that promises to keep your clothing in excellent shape. It is perfect for shops, restaurants, offices etc.","Screen Print,Emboridery,Heat Transfer",,"95% Cotton,5% Lycra; 200gsm.","Chest (CM): #6- 40 , #8- 43 , #10- 45.5 , #12- 48 , #14- 50.5 , #16- 53 , #18- 55.5 , #20- 58","T25 R.jpg,T25 BLACK.jpg,T25 NAVY BLUE.jpg,T25 RED.jpg,T25 WHITE.jpg","White,Black,Navy Blue,Red","6,8,10,12,14,16,18,20",1,6.9,100,6.7,300,6.7,,https://bluewhale.com.au/shop/leisure-wear/t-shirt-leisure/t25/,T24,Clothing,"Womens, Cotton, Sportswear"
S25,Ladies Spandex Spaghetti Singlet,Singlets,"Ladies Spandex Spaghetti Single is a  great ladies garment for Australia's long summers, which fabric stretches sideways and long ways.","Screen Print,Emboridery,Heat Transfer",,"95% Cotton,5% Spandex,200gsm","Chest (CM): #8- 37 , #10- 39 , #12- 41 , #14- 43 , #16- 45 , #18- 47","S25 B.jpg,S25 WHITE.jpg,S25 BLACK.jpg","White,Black","8,10,12,14,16,18",1,5.9,100,5.7,300,5.7,,https://bluewhale.com.au/shop/leisure-wear/singlet-leisure/s25/,,Clothing,"Womens, Cotton, Sportswear"
T31,"2-Tone Raglan Sleeve T-shirt, Adults",T Shirts,"This T-shirt is made from the premium 200gsm pre-shrunk cotton, cutting panels with 13 different colour ways to choose from let your imagination run wild when making your next new design!","Screen Print,Emboridery,Heat Transfer",,"100% Cotton,200gsm","Chest (CM): XS- 49.5 , S- 52 , M- 55 , L- 58 , XL- 61 , XXL- 64 , 3XL- 67","T31 AMN.jpg,T31 NG.jpg,T31 Ash Marle-Black.jpg,T31 Ash Marle-Navy Blue.jpg,T31 Black-Ash Marle.jpg,T31 Black-Orange.jpg,T31 Black-Red.jpg,T31 Navy Blue-Assh Marle.jpg,T31 Navy Blue-Gold.jpg,T31 Snow Marle-Black.jpg,T31 Snow Marle-Red.jpg,T31 Snow Marle-Royal.jpg,T31 White-Ash Marle.jpg,T31 White-Navy Blue.jpg,T31 White-Red.jpg","Ash Marle/Black,Ash Marle/Navy Blue,Navy Blue/Gold,White/Navy Blue,White/Red,White/Ash Marle,Snow Marle/Royal,Marle/Red,Snow Marle/Black,Black/Red,Black/Ash Marle,Black/Orange,Black/ Red","XS,S,M,L,XL,2XL,3XL",1,6.3,100,6.1,300,6.1,,https://bluewhale.com.au/shop/leisure-wear/t-shirt-leisure/t31/,"T21,T32,T33,T34",Clothing,"Unisex, Mens, Sportswear, Womens, Cotton"
T31K,"2-Tone Raglan Sleeve T-shirt, Children",T Shirts,"This T-shirt is made from the premium 200gsm pre-shrunk cotton, cutting panels with 6 different colour ways to choose from let your imagination run wild when making your next new design!","Screen Print,Emboridery,Heat Transfer",,"100% Cotton,200gsm","Chest (CM): #2- 32.5 , #4- 35 , #6- 37.5 , #8- 40 , #10- 42.5 , #12- 45 , #14- 47.5","T31K WR.jpg,T31 Ash Marle-Black.jpg,T31 Ash Marle-Navy Blue.jpg,T31 Black-Ash Marle.jpg,T31 Black-Orange.jpg,T31 Black-Red.jpg,T31 Navy Blue-Assh Marle.jpg,T31 Navy Blue-Gold.jpg,T31 Snow Marle-Black.jpg,T31 Snow Marle-Red.jpg,T31 Snow Marle-Royal.jpg,T31 White-Ash Marle.jpg,T31 White-Navy Blue.jpg,T31 White-Red.jpg","Ash Marle/Black,Ash Marle/Navy Blue,Navy Blue/Gold,White/Navy Blue,White/Red,White/Ash Marle,Snow Marle/Royal,Marle/Red,Snow Marle/Black,Black/Red,Black/Ash Marle,Black/Orange,Black/ Red","2,4,6,8,10,12,14",1,5.3,100,5.1,300,5.1,,https://bluewhale.com.au/shop/leisure-wear/t-shirt-leisure/t31K/,"T21,T31,T32,T33,T34",Clothing,"Unisex, Children, Sportswear, Cotton"
T34,Slim Fit Ringer T-shirt,T Shirts,"Slim Fit Ringer T-shirt is a modern slimmer cut in pattern combined with the latest fashion colours ensures that this range is this year's favourite T-shirt! Also incorporating our premium 200gsm pre-shrunk cotton with spandex neck rib and cuffs, and expanding in 11 colour ways!","Screen Print,Emboridery,Heat Transfer",,"100% Cotton,200gsm","Chest (CM): XS- 46 , S- 49 , M- 52 , L- 55 , XL- 58 , XXL- 61 , 3XL- 64","T34.jpg,T34 Black-white.jpg,T34 Charcoal-Orange.jpg,T34 Emerald-Navy Blue.jpg,T34 Ice Blue-Brown.jpg,T34 Navy Blue-White.jpg,T34 Red-White.jpg,T34 Royal Blue-Gold.jpg,T34 White-Black.jpg,T34 White-Navy Blue.jpg,T34 White-Orange.jpg,T34 White-Royal Blue.jpg","Charcoal/Orange,Emerald/Navy Blue,White/Navy Blue,Ice Blue/Brown,Navy Blue/White,Red/White,Royal Blue/Gold,White/Black,White/Royal Blue,White/Orange,Black/White","XS,S,M,L,XL,2XL,3XL",1,5.9,100,5.7,300,5.7,,https://bluewhale.com.au/shop/leisure-wear/t-shirt-leisure/t34/,"T21,T31,T32,T33",Clothing,"Unisex, Mens, Sportswear, Womens, Cotton"
F03,"Traditional Fleecy Hoodie, Adults",Hoodies,"Traditional Fleecy Hoodie is something that would suit everyone! It is made from 300gsm non-pill poly cotton fleece. Whether it is for weekends, sports, or just another popular winter outfit, this product would please everyone!","Screen Print,Emboridery,Heat Transfer",,"65% polyester,35% Cotton; 300 gsm","Chest (CM): XS- 57 , S- 60 , M- 62.5 , L- 65 , XL- 67.5 , XXL- 70 , 3XL- 72.5 , 5XL- 79","F03.jpg,F03  ASH MARLE.jpg,F03  NAVY BLUE.jpg,F03  RED.jpg,F03 ARMY GREEN.jpg,F03 BLACK.jpg,F03 ROYAL BLUE.jpg,F03 WHITE.jpg","White,Black,Navy Blue,Red,Royal Blue,Ash Marle,Army Green","XS,S,M,L,XL,2XL,3XL,5XL",1,16,100,15.5,300,15,,https://bluewhale.com.au/shop/leisure-wear/jumper-leisure/f03/,"F02,F01,F04,F04K,F03K",Clothing,"Sportswear, Unisex, Mens, Womens, Fleece, Poly Cotton, With Hood, Pocket"
F03k,"Traditional Fleecy Hoodie, Children",Hoodies,"This is a chldren version for traditional fleecy hoodie. It is something that would suit everyone! It is made from 300gsm non-pill poly cotton fleece. It can suit for weekends, sports, or just another popular winter outfit!","Screen Print,Emboridery,Heat Transfer",,"65% polyester,35% Cotton; 300 gsm","Chest (CM): #6- 42 , #8- 45 , #10- 48 , #12- 51 , #14- 54","F03K RL.jpg,F03  ASH MARLE.jpg,F03  NAVY BLUE.jpg,F03  RED.jpg,F03 ARMY GREEN.jpg,F03 BLACK.jpg,F03 ROYAL BLUE.jpg,F03 WHITE.jpg","White,Black,Navy Blue,Red,Royal Blue,Ash Marle,Army Green","6,8,10,12,14",1,13,100,12.5,300,12,,https://bluewhale.com.au/shop/leisure-wear/jumper-leisure/f03K/,"F04K,F02,F01,F04,F03",Clothing,"Sportswear, Fleece, Unisex, Children, With Hood, Pocket"
F04,"Full Zip Fleecy Hoodie, Adults",Hoodies,This new range of full zip fleecy hoodies has been always high demand since non-pill poly cotton fleece and zip through design makes this garment so easy to wear and to care of. The range will be available in 6 colours.,"Screen Print,Emboridery,Heat Transfer",,"65% Polyester 35% cotton,300 gsm","Chest (CM): XS- 55 , S- 58 , M- 61 , L- 64 , XL- 67 , XXL- 70 , 3XL- 73 , 5XL- 79","F04.jpg,F04 BT.jpg,F04 ASH MARLE.jpg,F04 BLACK.jpg,F04 BOTTLE GREEN.jpg,F04 NAVY BLUE.jpg,F04 ROYAL BLUE.jpg,F04 WHITE.jpg","White,Black,Navy Blue,Ash Marle,Royal Blue,Bottle Green","XS,S,M,L,XL,2XL,3XL,5XL",1,17.5,100,17,300,16.5,,https://bluewhale.com.au/shop/leisure-wear/jumper-leisure/f04/,"F02,F03,F01",Clothing,"Sportswear, Unisex, Mens, Womens, Fleece, Poly Cotton, With Hood, Pocket"
F04k,"Full Zip Fleecy Hoodie, Children",Hoodies,This is a children version or our full zip fleecy hoodies. It has been always high demand since non-pill poly cotton fleece and zip through design makes this garment so easy to wear and to care of. The range will be available in 6 colours.,"Screen Print,Emboridery,Heat Transfer",,"65% Polyester 35% cotton,300 gsm","Chest (CM): #6- 40 , #8- 43 , #10- 46 , #12- 49 , #14- 52","F04K W.jpg,F04 ASH MARLE.jpg,F04 BLACK.jpg,F04 BOTTLE GREEN.jpg,F04 NAVY BLUE.jpg,F04 ROYAL BLUE.jpg,F04 WHITE.jpg","White,Black,Navy Blue,Ash Marle,Royal Blue,Bottle Green","6,8,10,12,14",1,14.5,100,14,300,13.5,,https://bluewhale.com.au/shop/leisure-wear/jumper-leisure/f04K/,"F03K,F02,F01,F04,F03",Clothing,"Sportswear, Fleece, Unisex, Children, With Hood, Pocket, Poly Cotton"
F01,"Traditional Fleecy Sloppy Joe, Crew Neck",Hoodies,"Traditional Fleecy crew neck Sloppy Joe, is made from 300gsm non-pilling poly/cotton which is quality fabric with excellent workmanship, provide a durable and warm  and yet so comfortable to wear. It comes in 9 colours for you to choose from!","Screen Print,Emboridery,Heat Transfer",,"65% polyester,35% Cotton; 300 gsm","Chest (CM): XS- 55 , S- 58 , M- 61 , L- 64 , XL- 67 , XXL- 70 , 3XL- 73 , 4XL- 76 , 5XL- 79","F01 AM.jpg,F01 ASH MARLE.jpg,F01 BLACK.jpg,F01 BOTTLE GREEN.jpg,F01 MAROON.jpg,F01 NAVY BLUE.jpg,F01 RED.jpg,F01 ROYAL BLUE.jpg,F01 SNOW MARLE.jpg,F01 WHITE.jpg","White,Black,Navy Blue,Red,Royal Blue,Snow Marle,Bottle Green,Ash Marle,Maroon","XS,S,M,L,XL,2XL,3XL,4XL,5XL",1,14,100,13.5,300,13,,https://bluewhale.com.au/shop/leisure-wear/jumper-leisure/f01/,"F02,F03,F04,F04K,F03K",Clothing,"Sportswear, Unisex, Mens, Womens, Fleece, Poly Cotton"
F02,"Traditional Fleecy Sloppy Joe, V- Neck",Hoodies,"Traditional Fleecy V-neck Sloppy Joe, is made from 300gsm non-pilling poly/cotton which is quality fabric with excellent workmanship, provide a durable and warm  and yet so comfortable to wear. It comes in 9 colours for you to choose from!","Screen Print,Emboridery,Heat Transfer",,"65% polyester,35% Cotton; 300 gsm","Chest (CM): XS- 55 , S- 58 , M- 61 , L- 64 , XL- 67 , XXL- 70 , 3XL- 73 , 4XL- 76 , 5XL- 79","F02 RL.jpg,F02 NAVY BLUE.jpg,F02 BLACK.jpg","Black,Navy Blue,Royal Blue","XS,S,M,L,XL,2XL,3XL,4XL,5XL",1,14,100,13.5,300,13,,https://bluewhale.com.au/shop/leisure-wear/jumper-leisure/f02/,"F01,F03,F04,F04K,F03K",Clothing,"Sportswear, Unisex, Mens, Womens, Fleece, Poly Cotton"
J31,soft shell jackets,Jackets,"This modern design soft shell jacket is made from hi tech bonded fabric which is breathable and water resistant. It's light in weight, compact in volume and warm in function. It's well designed with shaped body and sleeves to reflect trend of contemporary sportswear fashion. It's the most favourable style of jacket today for all seasons whether you are in the office or on the road to see your clients.","Screen Print,Emboridery,Heat Transfer",,"Layered Polyester, 320gsm","Chest (CM): #8- 63 ,#10- 65 , #12- 67 , #14- 69 , #16- 71 , #18- 73","J31 Navy.jpg,J31 N.jpg,J31 BLACK.jpg,J31 BLACK BK.jpg","Black,Navy","S,M,L,XL,2XL,3XL,4XL,5XL",1,35,100,34.5,300,34,,https://bluewhale.com.au/shop/leisure-wear/jacket-leisure/j31/,J32,Clothing,"Mens, Longsleeve, Pocket"
J32,"soft shell jackets, ladies",Jackets,"This modern design soft shell jacket is made from hi tech bonded fabric which is breathable and water resistant. It's light in weight, compact in volume and warm in function. It's well designed with shaped body and sleeves to reflect trend of contemporary sportswear fashion. It's the most favourable style of jacket today for all seasons whether you are in the office or on the road to see your clients.","Screen Print,Emboridery,Heat Transfer",,"Layered Polyester, 320gsm","Chest (CM):  S- 72 , M- 74 , L- 76 , XL-78 , XXL- 80 , 3XL- 82 ,4XL-83, 5XL- 84","J32 B.jpg,J32 NAVY.jpg,J32 NAVY BK.jpg","Black,Navy","S,M,L,XL,2XL,3XL,4XL,5XL",1,34,100,33.5,300,33,,https://bluewhale.com.au/shop/leisure-wear/jacket-leisure/j32/,J31,Clothing,"Womens, Longsleeve, Pocket"
J73,traditional flying jackets,Jackets,This new flying jacket to our range has got to be one of the best available in the industry. The same standard of hi vis safety flying jacket (J83) has been used to make this traditional flying jacket. It??s so tough and durable. Look at the features,"Screen Print,Emboridery,Heat Transfer","Quality fabric throughout for Tough Industrial Use,Generous fit and longer than most flying jackets,300D Polyester outer shell with PU coated",100% Pu Coated Polyster,"Chest (CM):  S- 61 , M- 64 , L- 67 , XL-70 , XXL- 73 , 3XL- 76 ,4XL-79, 5XL- 82","J73 N.jpg,J73 Black.jpg","Black,Navy","S,M,L,XL,2XL,3XL,4XL,5XL",1,30.5,100,30,300,29.5,,https://bluewhale.com.au/shop/leisure-wear/jacket-leisure/j73/,J73,Clothing,"Unisex, Mens, Pocket, Longsleeve"
A01,"Poly Cotton Aprons, Short Waist W86xL45cm (above the knees with pocket, Black)",Aprons,"The Blue Whale aprons have a wide size and colour range, and are available in three standard hospitality industry sizes and offering the promoters greater choices for their promotional projects. Blue Whale aprons are made from heavy weight 240gsm poly cotton drill which is very durable and no need or little need to iron. Each apron has a pouch pocket of 30(W) x 20(H)cm including a pen slot.","Screen Print,Emboridery,Heat Transfer",,"65% polyester,35% Cotton; 240gsm",86 cm (W) X 45 cm (H),A01 Black.jpg,Black,86 cm (W) X 45 cm (H),1,4.2,100,3.9,300,3.6,,https://bluewhale.com.au/shop/accessories/apron/a01/,"A02,A03,A04,A05,A06",Clothing,"Poly Cotton, Pocket"
A01,"Poly Cotton Aprons, Short Waist W86xL45cm (above the knees with pocket, 14 Colours)",Aprons,"The Blue Whale aprons have a wide size and colour range, and are available in three standard hospitality industry sizes and offering the promoters greater choices for their promotional projects. Blue Whale aprons are made from heavy weight 240gsm poly cotton drill which is very durable and no need or little need to iron. Each apron has a pouch pocket of 30(W) x 20(H)cm including a pen slot.","Screen Print,Emboridery,Heat Transfer",,"65% polyester,35% Cotton; 240gsm",86 cm (W) X 45 cm (H),"A01 red - top T07 white.jpg,A01 Aqua.jpg,A01 Bottle green.jpg,A01 Brown.jpg,A01 Charcoal.jpg,A01 Emerald.jpg,A01 Hot Pink.jpg,A01 Lime.jpg,A01 Maroon.jpg,A01 Navy Blue.jpg,A01 Orange.jpg,A01 PURPLE.jpg,A01 Red.jpg,A01 ROYAL.jpg,A01 White.jpg","White,Navy Blue,Red,Royal Blue,Bottle Green,Maroon,Orange,Purple,lime,Hot pink,Aqua,Emerald,Brown,Charcoal",86 cm (W) X 45 cm (H),1,4.6,100,4.3,300,4,,https://bluewhale.com.au/shop/accessories/apron/a01/,"A02,A03,A04,A05,A06",Clothing,"Poly Cotton, Pocket"
A02,"Poly Cotton Aprons, Long Waist; W86xL76 (below the knees with pocket, Black)",Aprons,"The Blue Whale aprons have a wide size and colour range, and are available in three standard hospitality industry sizes and offering the promoters greater choices for their promotional projects. Blue Whale aprons are made from heavy weight 240gsm poly cotton drill which is very durable and no need or little need to iron. Each apron has a pouch pocket of 30(W) x 20(H)cm including a pen slot.","Screen Print,Emboridery,Heat Transfer",,"65% polyester,35% Cotton; 8 ounce",86 cm (W) X 76 cm (H),A02 Black.jpg,Black,86 cm (W) X 76 cm (H),1,5.4,100,5.1,300,4.8,,https://bluewhale.com.au/shop/accessories/apron/a02/,"A01,A03,A04,A05,A06",Clothing,"Poly Cotton, Pocket"
A02,"Poly Cotton Aprons, Long Waist; W86xL76 (below the knees with pocket, 14 Colours)",Aprons,"The Blue Whale aprons have a wide size and colour range, and are available in three standard hospitality industry sizes and offering the promoters greater choices for their promotional projects. Blue Whale aprons are made from heavy weight 240gsm poly cotton drill which is very durable and no need or little need to iron. Each apron has a pouch pocket of 30(W) x 20(H)cm including a pen slot.","Screen Print,Emboridery,Heat Transfer",,"65% polyester,35% Cotton; 8 ounce",86 cm (W) X 76 cm (H),"A02 navy - top T06 white.jpg,A02 Aqua.jpg,A02 Bottle Green.jpg,A02 Brown.jpg,A02 Charcoal.jpg,A02 Emerald.jpg,A02 Hot Pink.jpg,A02 Lime.jpg,A02 Maroon.jpg,A02 Navy Blue.jpg,A02 Orange.jpg,A02 PURPLE.jpg,A02 ROYAL.jpg,A02 White.jpg","White,Navy Blue,Red,Royal Blue,Bottle Green,Maroon,Orange,Purple,lime,Hot pink,Aqua,Emerald,Brown,Charcoal",86 cm (W) X 76 cm (H),1,5.8,100,5.5,300,5.2,,https://bluewhale.com.au/shop/accessories/apron/a02/,"A01,A03,A04,A05,A06",Clothing,"Poly Cotton, Pocket"
A03,"Poly Cotton Aprons, Bib Style, W86xL94cm (With adjustable neck strap and pocket, Black)",Aprons,"The Blue Whale aprons have a wide size and colour range, and are available in three standard hospitality industry sizes and offering the promoters greater choices for their promotional projects. Blue Whale aprons are made from heavy weight 240gsm poly cotton drill which is very durable and no need or little need to iron. Each apron has a pouch pocket of 30(W) x 20(H)cm including a pen slot.","Screen Print,Emboridery,Heat Transfer",,"65% polyester,35% Cotton; 8 ounce",86 cm (W) X 94 cm (H),A03 Black.jpg,Black,86 cm (W) X 94 cm (H),1,6.4,100,6.1,300,5.8,,https://bluewhale.com.au/shop/accessories/apron/a03/,"A02,A01,A04,A05,A06",Clothing,"Poly Cotton, Pocket"
A03,"Poly Cotton Aprons, Bib Style, W86xL94cm (With adjustable neck strap and pocket, 14 Colours)",Aprons,"The Blue Whale aprons have a wide size and colour range, and are available in three standard hospitality industry sizes and offering the promoters greater choices for their promotional projects. Blue Whale aprons are made from heavy weight 240gsm poly cotton drill which is very durable and no need or little need to iron. Each apron has a pouch pocket of 30(W) x 20(H)cm including a pen slot.","Screen Print,Emboridery,Heat Transfer",,"65% polyester,35% Cotton; 8 ounce",86 cm (W) X 94 cm (H),"A03 bottle - top B05 black.jpg,A03 Aqua.jpg,A03 Brown.jpg,A03 Charcoal.jpg,A03 Emerald.jpg,A03 Hot pink.jpg,A03 Lime.jpg,A03 Maroon.jpg,A03 Navy Blue.jpg,A03 Orange.jpg,A03 PURPLE.jpg,A03 Red.jpg,A03 ROYAL.jpg,A03 Whie.jpg,A03 Bottle Green.jpg","White,Navy Blue,Red,Royal Blue,Bottle Green,Maroon,Orange,Purple,lime,Hot pink,Aqua,Emerald,Brown,Charcoal",86 cm (W) X 94 cm (H),1,6.8,100,6.5,300,6.2,,https://bluewhale.com.au/shop/accessories/apron/a03/,"A02,A01,A04,A05,A06",Clothing,"Poly Cotton, Pocket"
A04,"Poly Cotton Aprons, Short Waist W86xL45cm (above the knees without pocket)",Aprons,Another version of A01 aprons are available in three standard hospitality industry sizes without pocket. Blue Whale aprons are made from heavy weight 240gsm poly cotton drill which is very durable and no need or little need to iron.,"Screen Print,Emboridery,Heat Transfer",,"65% polyester,35% Cotton; 240gsm",86 cm (W) X 45 cm (H),A04 Black.jpg,Black,86 cm (W) X 45 cm (H),1,4.2,100,3.9,300,3.6,,https://bluewhale.com.au/shop/accessories/apron/a04/,"A02,A03,A01,A05,A06",Clothing,"Poly Cotton, Pocket"
A05,"Poly Cotton Aprons, Long Waist; W86xL76 (below the knees without pocket)",Aprons,Another version of A02 aprons are available in three standard hospitality industry sizes without pocket. Blue Whale aprons are made from heavy weight 240gsm poly cotton drill which is very durable and no need or little need to iron.,"Screen Print,Emboridery,Heat Transfer",,"65% polyester,35% Cotton; 240gsm",86 cm (W) X 76 cm (H),A05 001.jpg,Black,86 cm (W) X 76 cm (H),1,5.4,100,5.1,300,4.8,,https://bluewhale.com.au/shop/accessories/apron/a05/,"A02,A03,A04,A01,A06",Clothing,"Poly Cotton, Pocket"
A06,"Poly Cotton Aprons, Bib Style, W86xL94cm (With adjustable neck strap without pocket)",Aprons,Another version of A03 aprons are available in three standard hospitality industry sizes without pocket. Blue Whale aprons are made from heavy weight 240gsm poly cotton drill which is very durable and no need or little need to iron.,"Screen Print,Emboridery,Heat Transfer",,"65% polyester,35% Cotton; 240gsm",86 cm (W) X 94 cm (H),A06 Black.jpg,Black,86 cm (W) X 94 cm (H),1,6.4,100,6.1,300,5.8,,https://bluewhale.com.au/shop/accessories/apron/a06/,"A02,A03,A04,A05,A01",Clothing,"Poly Cotton, Pocket"
A11,"Calico Bags, Long Handle, 37(W)x42(H)cm",Accessories,"Calico Bags have become more and more popular as promotional items! Our calico bags are made from 100% natural cotton and are environmental friendly, low cost and long lasting. They can be used in a variety of places such as libraries, shopping centre, any type of shows, events, etc.","Screen Print,Emboridery,Heat Transfer",,100% Cotton; 145gsm,37 cm (W) X 42 cm (H),"A11.jpg,a11 nature.jpg",Natural,37 cm (W) X 42 cm (H),1,1.6,100,1.5,300,1.4,,https://bluewhale.com.au/shop/accessories/calico-bag/a11/,A12,Clothing,Calico
A12,"Calico Bags, Short Handle, 37(W)x48(H)cm",Accessories,"Calico Bags have become more and more popular as promotional items! Our calico bags are made from 100% natural cotton and are environmental friendly, low cost and long lasting. They can be used in a variety of places such as libraries, shopping centre, any type of shows, events, etc.","Screen Print,Emboridery,Heat Transfer",,100% Cotton; 145gsm,37 cm (W) X 48 cm (H),a12 nature.jpg,Natural,37 cm (W) X 48 cm (H),1,1.6,100,1.5,300,1.4,,https://bluewhale.com.au/shop/accessories/calico-bag/a12/,A11,Clothing,Calico
A81,"Knee Pads, 16.5(W) X 21.5(H) cm",Accessories,The item is made from soft and flexible Ethylene-Vinyl Acetate which has no harm to the skin. They provide more protection and durable then those made from cotton canvas. The length of pads can be adjusted to fit your size and fit perfectly our Action Trousers W85. The knee pads are sold in pairs.,,,,16.5 cm (W) X 21.5 cm (H),"KNEE PAD.jpg,A81_3.jpg",Black,16.5 cm (W) X 21.5 cm (H),1,4.9,100,4.7,300,4.5,,https://bluewhale.com.au/shop/accessories/knee-pad/a81/,W85,Clothing,
A82,Cotton Boots Cover,Accessories,This is made from 190gsm cotton drill which means is very long lasting. The boots cover are necessary to protect you working in dusty environment. The covers are sold in pairs.,"Screen Print,Emboridery,Heat Transfer",,,,a82.jpg,"Navy Blue,Khaki",,1,2.9,100,2.8,300,2.7,,https://bluewhale.com.au/shop/accessories/boots-cover/a82-cotton-boots-cover/,,Clothing,Cotton
Indent Order,Indent Order,Accessories,"We are indent order specialist. Any garment in the Blue Whale catalogue or of your own design can be indent ordered to save you money as printing, embroidery, labelling and packaging are all done overseas at lower cost. Minimum quantity for indent order starts from 500 and lead time from 4 weeks by air to 6 weeks by sea.",,,,,,,,1,,100,,300,,,https://bluewhale.com.au/indent-order/,,Clothing,
Compressed T-shirt,Compressed T-shirt,Accessories,"The compressed T-shirt with full colour inserts can strengthen your message and maximise effect of T-shirt advertising. Simply choose a shape or design by your own! The compressed T-shirt is surprisingly low cost and save you money during storage, transport and handling. Minimum order for compressed T-shirt starts from 1000 and lead time is about 10 weeks by sea.",,,,,,,,1,,100,,300,,,https://bluewhale.com.au/custom-design/,,Clothing,
X17,Catalogue 2017 - 2018 Stock Service,Accessories,The latest catalogue of Blue Whale latest collection in 2012-2013.,,,,,front cover.jpg,,,1,2,100,2,300,2,,https://bluewhale.com.au/e-catalog/,,Clothing,
,Discontinued Items,,,,,,,,,,,,,,,,,,,,
P21,Premium Cotton Pique Polo,Polo Shirts,Premium Cotton Pique Polo is a classical luxury polo shirt and an essential item for every man's wardobe. It is made from premium grade 40s 2ply cotton and tailored to every details which favourite choice whether playing gold or attending a board meeting.,"Screen Print,Emboridery,Heat Transfer",,"100% Cotton,220gsm","Chest (CM): XS- 49.5 , S- 52 , M- 55 , L- 58 , XL- 61 , XXL- 64 , 3XL- 67 , 5XL- 73","P21.jpg,P21 BLACK.jpg,P21 CORNFLOWER BLUE.jpg,P21 MAIZE.jpg,P21 NAVY BLUE.jpg,P21 PUTTY.jpg,P21 WHITE.jpg","White, Black,Navy Blue,Maize,Putty,Cornflower Blue","XS,S,M,L,XL,2XL,3XL,5XL",1,10,100,9,300,8,inactive,https://bluewhale.com.au/shop/leisure-wear/polo-leisure/p21/,"P25,P51,P01",Clothing,"Mens, Cotton, Sportswear"
P25,"Striped Cotton Pique Polo, Adults",Polo Shirts,"It is a more spiced up and tastefully striped version of the classic P21, made from the same premium grade 40s 2ply yarn-dyed cotton and tailored to every details, soft, supple and surprisingly breathable.","Screen Print,Emboridery,Heat Transfer",,"100% Cotton,220gsm","Chest (CM): XS- 49.5 , S- 52 , M- 55 , L- 58 , XL- 61 , XXL- 64 , 3XL- 67 , 5XL- 73","P25&P28.jpg,P25 KIWI WHITE.jpg,P25 NAVY BLUE WHITE.jpg,P25 RED WHITE.jpg,P25 SKY BLUE WHITE.jpg,P25 WHITE NAVY BLUE.jpg","White/Navy Blue,Sky Blue/White,Red/White,Kiwi/White,Navy Blue/White","XS,S,M,L,XL,2XL,3XL",1,8,100,6,300,4,inactive,https://bluewhale.com.au/shop/leisure-wear/polo-leisure/p25/,"P21,P51,P01",Clothing,"On Sale, Mens, Cotton, Sportswear"
P28,"Striped Cotton Pique Polo, Ladies",Polo Shirts,"It is a more spiced up and tastefully striped version of the classic P21, made from the same premium grade 40s 2ply yarn-dyed cotton and tailored to every details, soft, supple and surprisingly breathable.","Screen Print,Emboridery,Heat Transfer",,"100% Cotton,220gsm","Chest (CM): #8- 46.5 , #10- 49 , #12- 51.5 , #14- 54 , #16- 56.5 , #18- 59","P25&P28.jpg,P28 KIWI WHITE.jpg,P28 NAVY BLUE WHITE.jpg,P28 RED WHITE.jpg,P28 SKY BLUE WHITE.jpg,P28 WHITE NAVY BLUE.jpg","White/Navy Blue,Sky Blue/White,Red/White,Kiwi/White,Navy Blue/White","8,10,12,14,16,18",1,7,100,5.5,300,4,inactive,https://bluewhale.com.au/shop/leisure-wear/polo-leisure/p28/,"P23,P56,P03",Clothing,"On Sale, Cotton, Womens, Sportswear"
F11,"Half Zipped Polar Fleece Jumper, Adults",Hoodies,"Polar Fleece Garments is definitely one of Winter's favourite! They are light in weight but very warm in performance, and also so easy to care. Whether for work or recreation, these quality 300gsm non-pill 100% Polyester Polar Fleece are very practical and comfortable. Comes in 3 colours!","Screen Print,Emboridery,Heat Transfer",,"100% Polyester,300gsm","Chest (CM): XS- 57.5 , S- 60 , M- 62.5 , L- 65 , XL- 67.5 , XXL- 70 , 3XL- 72.5","F11 Black.jpg,F11 NAVY BLUE.jpg,F11 ROYAL BLUE.jpg","Navy Blue,Black,Royal","XS,S,M,L,XL,2XL,3XL",1,9,100,7.5,300,6,inactive,https://bluewhale.com.au/shop/leisure-wear/jumper-leisure/f11/,"F14,F11K,F13",Clothing,"Sportswear, Unisex, Mens, Womens, Fleece, Poly Cotton, Pocket"
F11k,"Half Zipped Polar Fleece Jumper, Children",Hoodies,"A children version for F11. They are light in weight but very warm in performance, and also so easy to care. Whether for work or recreation, these quality 300gsm non-pill 100% Polyester Polar Fleece are very practical and comfortable. Comes in 3 colours!","Screen Print,Emboridery,Heat Transfer",,"100% Polyester,300gsm","Chest (CM): #6- 42 , #8- 45 , #10- 48 , #12- 51 , #14- 54","F11 BLACK ,F11 NAVY BLUE.jpg,F11 ROYAL BLUE.jpg","Navy Blue,Black,Royal","6,8,10,12,14",1,8,100,6.5,300,5,inactive,https://bluewhale.com.au/shop/leisure-wear/jumper-leisure/f11K/,"F14,F11,F13",Clothing,"Sportswear, Fleece, Children, Unisex, Poly Cotton"
F13,Full zipped Polar Fleece Jumper,Hoodies,"They are light in weight but very warm in performance, and also so easy to care for. Suitable for work or recreation, these quality 300gsm non-pill 100% Polyester Polar Fleece Jackets are very practical and comfortable with full zip in front and two zipped pocket on sides. Comes in 2 colour ways!","Screen Print,Emboridery,Heat Transfer",,"100% Polyester,300gsm","Chest (CM): XS- 57.5 , S- 60 , M- 62.5 , L- 65 , XL- 67.5 , XXL- 70 , 3XL- 72.5",,"Navy Blue,Black","XS,S,M,L,XL,2XL,3XL",1,9,100,7.5,300,6,inactive,,"F14,F11,F13,F11K",Clothing,"Sportswear, Unisex, Mens, Womens, Fleece, Poly Cotton, Pocket"
F14,Polar Fleece Vest,Hoodies,"They are light in weight but very warm in performance, and also so easy to care for. Suitable for work or recreation, these quality 300gsm non-pill 100% Polyester Polar Fleece Vests are very practical and comfortable with full zip in front and two zipped pocket on sides. Comes in 2 colour ways!","Screen Print,Emboridery,Heat Transfer",,"100% Polyester,300gsm","Chest (CM): XS- 56 , S- 58.5 , M- 61 , L- 63.5 , XL- 66 , XXL- 68.5 , 3XL- 71","F14.jpg,F14 BLACK.jpg","Navy Blue,Black","XS,S,M,L,XL,2XL,3XL",1,8,100,6.5,300,5,inactive,https://bluewhale.com.au/shop/leisure-wear/jumper-leisure/f14/,"F11,F11K,F13",Clothing,"Sportswear, Unisex, Mens, Womens, Fleece, Poly Cotton, Pocket"
B06,modern fit cotton military  shirt,Shirts,The last minute addition into this catalogue is this popular military style shirt. Excellent for restaurant staff and bar attendants. Use it with our wide colour range of aprons.,"Screen Print,Emboridery,Heat Transfer",,100% Cotton; 155gsm,"Chest (CM): XS-52.5 , S- 55 , M- 57.5 , L- 60 , XL- 62.5 , XXL- 65 , 3XL- 67.5 ,4XL-67.5, 5XL- 72.5","B06 B.jpg,B06&B08.jpg",Black,"XS,S,M,L,XL,2XL,3XL,5XL",1,9,100,7.5,300,6,inactive,https://bluewhale.com.au/shop/corporate-wear/bar-shirt/b06/,B08,Clothing,"On Sale, Cotton, Mens"
W85,Action Trousers,Pants,This trousers is made from tough polyester cotton drill used by many famous European workwear brands. Fully pre-shrunk has superior dye retention and all the features. This trousers also features special knee pad pockets. It has double fabric in the knee and seat area for extra tough wearing. The trousers also have nine multi functional pockets four of which are with zips.,"Screen Print,Emboridery,Heat Transfer",UPF Rating: 50+. Protection Category: Excellent,"65% polyester,35% Cotton; 245gsm","Inner Leg (CM): #77R- 74 , #82R- 77 , 87R- 79 , #92R- 82 , #97R- 83 , #102R- 84 , #107R- 85 , #112S- 80 , #117S- 80","W85 B.jpg,W85 black and A81_3.jpg,W85 CHARCOAL.jpg,W85 NAVY BLUE.jpg","Navy Blue,Black,Charcoal","77R,82R,87R,92R,97R,102R,107R,112S,117S",1,10,100,9,300,8,inactive,,"W81,W83,W93,W87,A81",Clothing,"Mens, Cotton, Spf 50, Pocket, On Sale"
